trace_id,event:event_name@A,event:event_name@B,event:event_name@C,event:event_name@D,event:event_name@E,event:event_name@F,event:event_name@I,event:event_name@process end event,event:event_name@process start event,event:concept:name@A,event:concept:name@B,event:concept:name@C,event:concept:name@D,event:concept:name@E,event:concept:name@F,event:concept:name@I,event:concept:name@process end event,event:concept:name@process start event,event:adaptation_action@insert,event:adaptation_action@no-action,event:adaptation_action@skip,event:@@index,event:@@case_index,event:start_weekday,event:resource,event:duration,event:trace_id,succession:concept:name@A#B,succession:concept:name@B#C,succession:concept:name@C#D,succession:concept:name@D#E,succession:concept:name@D#F,succession:concept:name@E#F,succession:concept:name@F#process end event,succession:concept:name@process end event#I,succession:concept:name@process start event#A,trace:cycle_time,adaptation_action
0,1,1,1,1,1,1,1,1,1,1,1,1,1,1,1,1,1,1,1,0,0,8,0,0,Inserted_Activity_resource,30.0,0,1,1,1,1,0,1,1,1,1,210.0,insert
1,1,1,1,1,1,1,0,1,1,1,1,1,1,1,1,0,1,1,0,1,0,16,1,0,,0.0,1,1,1,1,1,0,1,1,0,1,220.0,no-action
2,1,1,1,1,0,1,0,1,1,1,1,1,1,0,1,0,1,1,0,0,1,23,2,0,,0.0,10,1,1,1,0,1,0,1,0,1,260.0,skip
3,1,1,1,1,1,1,0,1,1,1,1,1,1,1,1,0,1,1,0,1,0,31,3,1,,0.0,100,1,1,1,1,0,1,1,0,1,240.0,no-action
4,1,1,1,1,1,1,0,1,1,1,1,1,1,1,1,0,1,1,0,1,0,39,4,1,,0.0,101,1,1,1,1,0,1,1,0,1,200.0,no-action
5,1,1,1,1,1,1,0,1,1,1,1,1,1,1,1,0,1,1,0,1,0,47,5,1,,0.0,102,1,1,1,1,0,1,1,0,1,220.0,no-action
6,1,1,1,1,1,1,0,1,1,1,1,1,1,1,1,0,1,1,0,1,0,55,6,1,,0.0,103,1,1,1,1,0,1,1,0,1,240.0,no-action
7,1,1,1,1,1,1,0,1,1,1,1,1,1,1,1,0,1,1,0,1,0,63,7,1,,0.0,104,1,1,1,1,0,1,1,0,1,220.0,no-action
8,1,1,1,1,1,1,0,1,1,1,1,1,1,1,1,0,1,1,0,1,0,71,8,1,,0.0,105,1,1,1,1,0,1,1,0,1,200.0,no-action
9,1,1,1,1,0,1,0,1,1,1,1,1,1,0,1,0,1,1,0,0,1,78,9,1,,0.0,106,1,1,1,0,1,0,1,0,1,240.0,no-action
10,1,1,1,1,0,1,0,1,1,1,1,1,1,0,1,0,1,1,0,0,1,85,10,2,,0.0,107,1,1,1,0,1,0,1,0,1,260.0,skip
11,1,1,1,1,0,1,0,1,1,1,1,1,1,0,1,0,1,1,0,0,1,92,11,2,,0.0,108,1,1,1,0,1,0,1,0,1,1180.0,skip
12,1,1,1,1,0,1,0,1,1,1,1,1,1,0,1,0,1,1,0,0,1,99,12,2,,0.0,109,1,1,1,0,1,0,1,0,1,1140.0,skip
13,1,1,1,1,0,1,0,1,1,1,1,1,1,0,1,0,1,1,0,0,1,106,13,1,,0.0,11,1,1,1,0,1,0,1,0,1,1180.0,skip
14,1,1,1,1,0,1,0,1,1,1,1,1,1,0,1,0,1,1,0,0,1,113,14,1,,0.0,110,1,1,1,0,1,0,1,0,1,260.0,skip
15,1,1,1,1,1,1,0,1,1,1,1,1,1,1,1,0,1,1,0,1,0,121,15,1,,0.0,111,1,1,1,1,0,1,1,0,1,240.0,no-action
16,1,1,1,1,0,1,0,1,1,1,1,1,1,0,1,0,1,1,0,0,1,128,16,2,,0.0,112,1,1,1,0,1,0,1,0,1,1160.0,skip
17,1,1,1,1,1,1,0,1,1,1,1,1,1,1,1,0,1,1,0,1,0,136,17,2,,0.0,113,1,1,1,1,0,1,1,0,1,220.0,no-action
18,1,1,1,1,1,1,0,1,1,1,1,1,1,1,1,0,1,1,0,1,0,144,18,2,,0.0,114,1,1,1,1,0,1,1,0,1,240.0,no-action
19,1,1,1,1,1,1,0,1,1,1,1,1,1,1,1,0,1,1,0,1,0,152,19,2,,0.0,115,1,1,1,1,0,1,1,0,1,220.0,no-action
20,1,1,1,1,1,1,0,1,1,1,1,1,1,1,1,0,1,1,0,1,0,160,20,2,,0.0,116,1,1,1,1,0,1,1,0,1,200.0,no-action
21,1,1,1,1,1,1,0,1,1,1,1,1,1,1,1,0,1,1,0,1,0,168,21,2,,0.0,117,1,1,1,1,0,1,1,0,1,240.0,no-action
22,1,1,1,1,0,1,0,1,1,1,1,1,1,0,1,0,1,1,0,0,1,175,22,2,,0.0,118,1,1,1,0,1,0,1,0,1,260.0,skip
23,1,1,1,1,1,1,0,1,1,1,1,1,1,1,1,0,1,1,0,1,0,183,23,2,,0.0,119,1,1,1,1,0,1,1,0,1,220.0,no-action
24,1,1,1,1,0,1,0,1,1,1,1,1,1,0,1,0,1,1,0,0,1,190,24,1,,0.0,12,1,1,1,0,1,0,1,0,1,210.0,insert
25,1,1,1,1,1,1,1,1,1,1,1,1,1,1,1,1,1,1,1,0,0,199,25,2,Inserted_Activity_resource,30.0,120,1,1,1,1,0,1,1,1,1,220.0,no-action
26,1,1,1,1,1,1,0,1,1,1,1,1,1,1,1,0,1,1,0,1,0,207,26,2,,0.0,121,1,1,1,1,0,1,1,0,1,260.0,skip
27,1,1,1,1,0,1,0,1,1,1,1,1,1,0,1,0,1,1,0,0,1,214,27,2,,0.0,122,1,1,1,0,1,0,1,0,1,1200.0,skip
28,1,1,1,1,0,1,0,1,1,1,1,1,1,0,1,0,1,1,0,0,1,221,28,3,,0.0,123,1,1,1,0,1,0,1,0,1,1160.0,skip
29,1,1,1,1,0,1,0,1,1,1,1,1,1,0,1,0,1,1,0,0,1,228,29,3,,0.0,124,1,1,1,0,1,0,1,0,1,1180.0,skip
30,1,1,1,1,0,1,0,1,1,1,1,1,1,0,1,0,1,1,0,0,1,235,30,3,,0.0,125,1,1,1,0,1,0,1,0,1,240.0,no-action
31,1,1,1,1,1,1,0,1,1,1,1,1,1,1,1,0,1,1,0,1,0,243,31,2,,0.0,126,1,1,1,1,0,1,1,0,1,220.0,no-action
32,1,1,1,1,1,1,0,1,1,1,1,1,1,1,1,0,1,1,0,1,0,251,32,2,,0.0,127,1,1,1,1,0,1,1,0,1,1160.0,skip
33,1,1,1,1,0,1,0,1,1,1,1,1,1,0,1,0,1,1,0,0,1,258,33,3,,0.0,128,1,1,1,0,1,0,1,0,1,240.0,no-action
34,1,1,1,1,1,1,0,1,1,1,1,1,1,1,1,0,1,1,0,1,0,266,34,3,,0.0,129,1,1,1,1,0,1,1,0,1,260.0,skip
35,1,1,1,1,0,1,0,1,1,1,1,1,1,0,1,0,1,1,0,0,1,273,35,1,,0.0,13,1,1,1,0,1,0,1,0,1,220.0,no-action
36,1,1,1,1,0,1,0,1,1,1,1,1,1,0,1,0,1,1,0,0,1,280,36,3,,0.0,130,1,1,1,0,1,0,1,0,1,210.0,insert
37,1,1,1,1,1,1,0,1,1,1,1,1,1,1,1,0,1,1,0,1,0,288,37,3,,0.0,131,1,1,1,1,0,1,1,0,1,220.0,no-action
38,1,1,1,1,1,1,1,1,1,1,1,1,1,1,1,1,1,1,1,0,0,297,38,3,Inserted_Activity_resource,30.0,132,1,1,1,1,0,1,1,1,1,260.0,skip
39,1,1,1,1,1,1,0,1,1,1,1,1,1,1,1,0,1,1,0,1,0,305,39,3,,0.0,133,1,1,1,1,0,1,1,0,1,240.0,no-action
40,1,1,1,1,0,1,0,1,1,1,1,1,1,0,1,0,1,1,0,0,1,312,40,3,,0.0,134,1,1,1,0,1,0,1,0,1,200.0,no-action
41,1,1,1,1,1,1,0,1,1,1,1,1,1,1,1,0,1,1,0,1,0,320,41,3,,0.0,135,1,1,1,1,0,1,1,0,1,220.0,no-action
42,1,1,1,1,1,1,0,1,1,1,1,1,1,1,1,0,1,1,0,1,0,328,42,3,,0.0,136,1,1,1,1,0,1,1,0,1,240.0,no-action
43,1,1,1,1,1,1,0,1,1,1,1,1,1,1,1,0,1,1,0,1,0,336,43,3,,0.0,137,1,1,1,1,0,1,1,0,1,1180.0,skip
44,1,1,1,1,1,1,0,1,1,1,1,1,1,1,1,0,1,1,0,1,0,344,44,3,,0.0,138,1,1,1,1,0,1,1,0,1,1160.0,skip
45,1,1,1,1,0,1,0,1,1,1,1,1,1,0,1,0,1,1,0,0,1,351,45,4,,0.0,139,1,1,1,0,1,0,1,0,1,1200.0,skip
46,1,1,1,1,0,1,0,1,1,1,1,1,1,0,1,0,1,1,0,0,1,358,46,0,,0.0,14,1,1,1,0,1,0,1,0,1,260.0,skip
47,1,1,1,1,0,1,0,1,1,1,1,1,1,0,1,0,1,1,0,0,1,365,47,4,,0.0,140,1,1,1,0,1,0,1,0,1,220.0,no-action
48,1,1,1,1,0,1,0,1,1,1,1,1,1,0,1,0,1,1,0,0,1,372,48,4,,0.0,141,1,1,1,0,1,0,1,0,1,1140.0,skip
49,1,1,1,1,0,1,0,1,1,1,1,1,1,0,1,0,1,1,0,0,1,379,49,3,,0.0,142,1,1,1,0,1,0,1,0,1,220.0,no-action
50,1,1,1,1,1,1,0,1,1,1,1,1,1,1,1,0,1,1,0,1,0,387,50,3,,0.0,143,1,1,1,1,0,1,1,0,1,260.0,skip
51,1,1,1,1,0,1,0,1,1,1,1,1,1,0,1,0,1,1,0,0,1,394,51,4,,0.0,144,1,1,1,0,1,0,1,0,1,240.0,no-action
52,1,1,1,1,1,1,0,1,1,1,1,1,1,1,1,0,1,1,0,1,0,402,52,4,,0.0,145,1,1,1,1,0,1,1,0,1,200.0,no-action
53,1,1,1,1,0,1,0,1,1,1,1,1,1,0,1,0,1,1,0,0,1,409,53,4,,0.0,146,1,1,1,0,1,0,1,0,1,220.0,no-action
54,1,1,1,1,1,1,0,1,1,1,1,1,1,1,1,0,1,1,0,1,0,417,54,4,,0.0,147,1,1,1,1,0,1,1,0,1,240.0,no-action
55,1,1,1,1,1,1,0,1,1,1,1,1,1,1,1,0,1,1,0,1,0,425,55,4,,0.0,148,1,1,1,1,0,1,1,0,1,220.0,no-action
56,1,1,1,1,1,1,0,1,1,1,1,1,1,1,1,0,1,1,0,1,0,433,56,4,,0.0,149,1,1,1,1,0,1,1,0,1,200.0,no-action
57,1,1,1,1,1,1,0,1,1,1,1,1,1,1,1,0,1,1,0,1,0,441,57,0,,0.0,15,1,1,1,1,0,1,1,0,1,240.0,no-action
58,1,1,1,1,1,1,0,1,1,1,1,1,1,1,1,0,1,1,0,1,0,449,58,4,,0.0,150,1,1,1,1,0,1,1,0,1,260.0,skip
59,1,1,1,1,1,1,0,1,1,1,1,1,1,1,1,0,1,1,0,1,0,457,59,4,,0.0,151,1,1,1,1,0,1,1,0,1,1180.0,skip
60,1,1,1,1,1,1,0,1,1,1,1,1,1,1,1,0,1,1,0,1,0,465,60,4,,0.0,152,1,1,1,1,0,1,1,0,1,1140.0,skip
61,1,1,1,1,1,1,0,1,1,1,1,1,1,1,1,0,1,1,0,1,0,473,61,4,,0.0,153,1,1,1,1,0,1,1,0,1,1180.0,skip
62,1,1,1,1,0,1,0,1,1,1,1,1,1,0,1,0,1,1,0,0,1,480,62,4,,0.0,154,1,1,1,0,1,0,1,0,1,260.0,skip
63,1,1,1,1,0,1,0,1,1,1,1,1,1,0,1,0,1,1,0,0,1,487,63,0,,0.0,155,1,1,1,0,1,0,1,0,1,240.0,no-action
64,1,1,1,1,0,1,0,1,1,1,1,1,1,0,1,0,1,1,0,0,1,494,64,0,,0.0,156,1,1,1,0,1,0,1,0,1,1160.0,skip
65,1,1,1,1,0,1,0,1,1,1,1,1,1,0,1,0,1,1,0,0,1,501,65,0,,0.0,157,1,1,1,0,1,0,1,0,1,220.0,no-action
66,1,1,1,1,0,1,0,1,1,1,1,1,1,0,1,0,1,1,0,0,1,508,66,4,,0.0,158,1,1,1,0,1,0,1,0,1,240.0,no-action
67,1,1,1,1,1,1,0,1,1,1,1,1,1,1,1,0,1,1,0,1,0,516,67,4,,0.0,159,1,1,1,1,0,1,1,0,1,220.0,no-action
68,1,1,1,1,0,1,0,1,1,1,1,1,1,0,1,0,1,1,0,0,1,523,68,1,,0.0,16,1,1,1,0,1,0,1,0,1,200.0,no-action
69,1,1,1,1,0,1,0,1,1,1,1,1,1,0,1,0,1,1,0,0,1,530,69,0,,0.0,160,1,1,1,0,1,0,1,0,1,240.0,no-action
70,1,1,1,1,1,1,0,1,1,1,1,1,1,1,1,0,1,1,0,1,0,538,70,0,,0.0,161,1,1,1,1,0,1,1,0,1,260.0,skip
71,1,1,1,1,1,1,0,1,1,1,1,1,1,1,1,0,1,1,0,1,0,546,71,0,,0.0,162,1,1,1,1,0,1,1,0,1,220.0,no-action
72,1,1,1,1,1,1,0,1,1,1,1,1,1,1,1,0,1,1,0,1,0,554,72,0,,0.0,163,1,1,1,1,0,1,1,0,1,210.0,insert
73,1,1,1,1,1,1,0,1,1,1,1,1,1,1,1,0,1,1,0,1,0,562,73,0,,0.0,164,1,1,1,1,0,1,1,0,1,220.0,no-action
74,1,1,1,1,1,1,0,1,1,1,1,1,1,1,1,0,1,1,0,1,0,570,74,0,,0.0,165,1,1,1,1,0,1,1,0,1,260.0,skip
75,1,1,1,1,0,1,0,1,1,1,1,1,1,0,1,0,1,1,0,0,1,577,75,0,,0.0,166,1,1,1,0,1,0,1,0,1,4080.0,skip
76,1,1,1,1,1,1,0,1,1,1,1,1,1,1,1,0,1,1,0,1,0,585,76,0,,0.0,167,1,1,1,1,0,1,1,0,1,4040.0,skip
77,1,1,1,1,1,1,1,1,1,1,1,1,1,1,1,1,1,1,1,0,0,594,77,0,Inserted_Activity_resource,30.0,168,1,1,1,1,0,1,1,1,1,4060.0,skip
78,1,1,1,1,1,1,0,1,1,1,1,1,1,1,1,0,1,1,0,1,0,602,78,0,,0.0,169,1,1,1,1,0,1,1,0,1,240.0,no-action
79,1,1,1,1,1,1,0,1,1,1,1,1,1,1,1,0,1,1,0,1,0,610,79,1,,0.0,17,1,1,1,1,0,1,1,0,1,220.0,no-action
80,1,1,1,1,0,1,0,1,1,1,1,1,1,0,1,0,1,1,0,0,1,617,80,0,,0.0,170,1,1,1,0,1,0,1,0,1,4040.0,skip
81,1,1,1,1,0,1,0,1,1,1,1,1,1,0,1,0,1,1,0,0,1,624,81,1,,0.0,171,1,1,1,0,1,0,1,0,1,240.0,no-action
82,1,1,1,1,0,1,0,1,1,1,1,1,1,0,1,0,1,1,0,0,1,631,82,1,,0.0,172,1,1,1,0,1,0,1,0,1,260.0,skip
83,1,1,1,1,0,1,0,1,1,1,1,1,1,0,1,0,1,1,0,0,1,638,83,1,,0.0,173,1,1,1,0,1,0,1,0,1,220.0,no-action
84,1,1,1,1,1,1,0,1,1,1,1,1,1,1,1,0,1,1,0,1,0,646,84,0,,0.0,174,1,1,1,1,0,1,1,0,1,210.0,insert
85,1,1,1,1,1,1,0,1,1,1,1,1,1,1,1,0,1,1,0,1,0,654,85,0,,0.0,175,1,1,1,1,0,1,1,0,1,220.0,no-action
86,1,1,1,1,0,1,0,1,1,1,1,1,1,0,1,0,1,1,0,0,1,661,86,1,,0.0,176,1,1,1,0,1,0,1,0,1,260.0,skip
87,1,1,1,1,1,1,0,1,1,1,1,1,1,1,1,0,1,1,0,1,0,669,87,1,,0.0,177,1,1,1,1,0,1,1,0,1,240.0,no-action
88,1,1,1,1,0,1,0,1,1,1,1,1,1,0,1,0,1,1,0,0,1,676,88,1,,0.0,178,1,1,1,0,1,0,1,0,1,200.0,no-action
89,1,1,1,1,1,1,0,1,1,1,1,1,1,1,1,0,1,1,0,1,0,684,89,1,,0.0,179,1,1,1,1,0,1,1,0,1,220.0,no-action
90,1,1,1,1,1,1,0,1,1,1,1,1,1,1,1,0,1,1,0,1,0,692,90,1,,0.0,18,1,1,1,1,0,1,1,0,1,240.0,no-action
91,1,1,1,1,1,1,1,1,1,1,1,1,1,1,1,1,1,1,1,0,0,701,91,1,Inserted_Activity_resource,30.0,180,1,1,1,1,0,1,1,1,1,1180.0,skip
92,1,1,1,1,1,1,0,1,1,1,1,1,1,1,1,0,1,1,0,1,0,709,92,1,,0.0,181,1,1,1,1,0,1,1,0,1,1160.0,skip
93,1,1,1,1,0,1,0,1,1,1,1,1,1,0,1,0,1,1,0,0,1,716,93,1,,0.0,182,1,1,1,0,1,0,1,0,1,1200.0,skip
94,1,1,1,1,1,1,0,1,1,1,1,1,1,1,1,0,1,1,0,1,0,724,94,1,,0.0,183,1,1,1,1,0,1,1,0,1,260.0,skip
95,1,1,1,1,1,1,0,1,1,1,1,1,1,1,1,0,1,1,0,1,0,732,95,1,,0.0,184,1,1,1,1,0,1,1,0,1,220.0,no-action
96,1,1,1,1,1,1,0,1,1,1,1,1,1,1,1,0,1,1,0,1,0,740,96,1,,0.0,185,1,1,1,1,0,1,1,0,1,1140.0,skip
97,1,1,1,1,1,1,0,1,1,1,1,1,1,1,1,0,1,1,0,1,0,748,97,1,,0.0,186,1,1,1,1,0,1,1,0,1,220.0,no-action
98,1,1,1,1,0,1,0,1,1,1,1,1,1,0,1,0,1,1,0,0,1,755,98,2,,0.0,187,1,1,1,0,1,0,1,0,1,260.0,skip
99,1,1,1,1,0,1,0,1,1,1,1,1,1,0,1,0,1,1,0,0,1,762,99,2,,0.0,188,1,1,1,0,1,0,1,0,1,240.0,no-action
100,1,1,1,1,0,1,0,1,1,1,1,1,1,0,1,0,1,1,0,0,1,769,100,2,,0.0,189,1,1,1,0,1,0,1,0,1,200.0,no-action
101,1,1,1,1,1,1,0,1,1,1,1,1,1,1,1,0,1,1,0,1,0,777,101,1,,0.0,19,1,1,1,1,0,1,1,0,1,220.0,no-action
102,1,1,1,1,0,1,0,1,1,1,1,1,1,0,1,0,1,1,0,0,1,784,102,1,,0.0,190,1,1,1,0,1,0,1,0,1,240.0,no-action
103,1,1,1,1,1,1,0,1,1,1,1,1,1,1,1,0,1,1,0,1,0,792,103,1,,0.0,191,1,1,1,1,0,1,1,0,1,220.0,no-action
104,1,1,1,1,0,1,0,1,1,1,1,1,1,0,1,0,1,1,0,0,1,799,104,2,,0.0,192,1,1,1,0,1,0,1,0,1,200.0,no-action
105,1,1,1,1,1,1,0,1,1,1,1,1,1,1,1,0,1,1,0,1,0,807,105,2,,0.0,193,1,1,1,1,0,1,1,0,1,240.0,no-action
106,1,1,1,1,0,1,0,1,1,1,1,1,1,0,1,0,1,1,0,0,1,814,106,2,,0.0,194,1,1,1,0,1,0,1,0,1,260.0,skip
107,1,1,1,1,1,1,0,1,1,1,1,1,1,1,1,0,1,1,0,1,0,822,107,2,,0.0,195,1,1,1,1,0,1,1,0,1,1180.0,skip
108,1,1,1,1,1,1,0,1,1,1,1,1,1,1,1,0,1,1,0,1,0,830,108,2,,0.0,196,1,1,1,1,0,1,1,0,1,1140.0,skip
109,1,1,1,1,1,1,0,1,1,1,1,1,1,1,1,0,1,1,0,1,0,838,109,2,,0.0,197,1,1,1,1,0,1,1,0,1,1180.0,skip
110,1,1,1,1,1,1,0,1,1,1,1,1,1,1,1,0,1,1,0,1,0,846,110,2,,0.0,198,1,1,1,1,0,1,1,0,1,260.0,skip
111,1,1,1,1,1,1,0,1,1,1,1,1,1,1,1,0,1,1,0,1,0,854,111,2,,0.0,199,1,1,1,1,0,1,1,0,1,240.0,no-action
112,1,1,1,1,0,1,0,1,1,1,1,1,1,0,1,0,1,1,0,0,1,861,112,0,,0.0,2,1,1,1,0,1,0,1,0,1,1160.0,skip
113,1,1,1,1,1,1,0,1,1,1,1,1,1,1,1,0,1,1,0,1,0,869,113,1,,0.0,20,1,1,1,1,0,1,1,0,1,220.0,no-action
114,1,1,1,1,1,1,0,1,1,1,1,1,1,1,1,0,1,1,0,1,0,877,114,2,,0.0,200,1,1,1,1,0,1,1,0,1,240.0,no-action
115,1,1,1,1,1,1,0,1,1,1,1,1,1,1,1,0,1,1,0,1,0,885,115,2,,0.0,201,1,1,1,1,0,1,1,0,1,220.0,no-action
116,1,1,1,1,0,1,0,1,1,1,1,1,1,0,1,0,1,1,0,0,1,892,116,2,,0.0,202,1,1,1,0,1,0,1,0,1,200.0,no-action
117,1,1,1,1,0,1,0,1,1,1,1,1,1,0,1,0,1,1,0,0,1,899,117,3,,0.0,203,1,1,1,0,1,0,1,0,1,240.0,no-action
118,1,1,1,1,0,1,0,1,1,1,1,1,1,0,1,0,1,1,0,0,1,906,118,3,,0.0,204,1,1,1,0,1,0,1,0,1,260.0,skip
119,1,1,1,1,0,1,0,1,1,1,1,1,1,0,1,0,1,1,0,0,1,913,119,3,,0.0,205,1,1,1,0,1,0,1,0,1,220.0,no-action
120,1,1,1,1,0,1,0,1,1,1,1,1,1,0,1,0,1,1,0,0,1,920,120,2,,0.0,206,1,1,1,0,1,0,1,0,1,210.0,insert
121,1,1,1,1,1,1,0,1,1,1,1,1,1,1,1,0,1,1,0,1,0,928,121,2,,0.0,207,1,1,1,1,0,1,1,0,1,220.0,no-action
122,1,1,1,1,0,1,0,1,1,1,1,1,1,0,1,0,1,1,0,0,1,935,122,3,,0.0,208,1,1,1,0,1,0,1,0,1,260.0,skip
123,1,1,1,1,1,1,0,1,1,1,1,1,1,1,1,0,1,1,0,1,0,943,123,3,,0.0,209,1,1,1,1,0,1,1,0,1,1200.0,skip
124,1,1,1,1,1,1,0,1,1,1,1,1,1,1,1,0,1,1,0,1,0,951,124,1,,0.0,21,1,1,1,1,0,1,1,0,1,1160.0,skip
125,1,1,1,1,1,1,0,1,1,1,1,1,1,1,1,0,1,1,0,1,0,959,125,3,,0.0,210,1,1,1,1,0,1,1,0,1,1180.0,skip
126,1,1,1,1,1,1,0,1,1,1,1,1,1,1,1,0,1,1,0,1,0,967,126,3,,0.0,211,1,1,1,1,0,1,1,0,1,240.0,no-action
127,1,1,1,1,1,1,0,1,1,1,1,1,1,1,1,0,1,1,0,1,0,975,127,3,,0.0,212,1,1,1,1,0,1,1,0,1,220.0,no-action
128,1,1,1,1,1,1,0,1,1,1,1,1,1,1,1,0,1,1,0,1,0,983,128,3,,0.0,213,1,1,1,1,0,1,1,0,1,1160.0,skip
129,1,1,1,1,0,1,0,1,1,1,1,1,1,0,1,0,1,1,0,0,1,990,129,3,,0.0,214,1,1,1,0,1,0,1,0,1,240.0,no-action
130,1,1,1,1,1,1,0,1,1,1,1,1,1,1,1,0,1,1,0,1,0,998,130,3,,0.0,215,1,1,1,1,0,1,1,0,1,260.0,skip
131,1,1,1,1,1,1,1,1,1,1,1,1,1,1,1,1,1,1,1,0,0,1007,131,3,Inserted_Activity_resource,30.0,216,1,1,1,1,0,1,1,1,1,220.0,no-action
132,1,1,1,1,1,1,0,1,1,1,1,1,1,1,1,0,1,1,0,1,0,1015,132,3,,0.0,217,1,1,1,1,0,1,1,0,1,210.0,insert
133,1,1,1,1,0,1,0,1,1,1,1,1,1,0,1,0,1,1,0,0,1,1022,133,3,,0.0,218,1,1,1,0,1,0,1,0,1,220.0,no-action
134,1,1,1,1,0,1,0,1,1,1,1,1,1,0,1,0,1,1,0,0,1,1029,134,4,,0.0,219,1,1,1,0,1,0,1,0,1,260.0,skip
135,1,1,1,1,0,1,0,1,1,1,1,1,1,0,1,0,1,1,0,0,1,1036,135,1,,0.0,22,1,1,1,0,1,0,1,0,1,240.0,no-action
136,1,1,1,1,0,1,0,1,1,1,1,1,1,0,1,0,1,1,0,0,1,1043,136,4,,0.0,220,1,1,1,0,1,0,1,0,1,200.0,no-action
137,1,1,1,1,0,1,0,1,1,1,1,1,1,0,1,0,1,1,0,0,1,1050,137,4,,0.0,221,1,1,1,0,1,0,1,0,1,220.0,no-action
138,1,1,1,1,1,1,0,1,1,1,1,1,1,1,1,0,1,1,0,1,0,1058,138,3,,0.0,222,1,1,1,1,0,1,1,0,1,240.0,no-action
139,1,1,1,1,1,1,0,1,1,1,1,1,1,1,1,0,1,1,0,1,0,1066,139,3,,0.0,223,1,1,1,1,0,1,1,0,1,1180.0,skip
140,1,1,1,1,0,1,0,1,1,1,1,1,1,0,1,0,1,1,0,0,1,1073,140,4,,0.0,224,1,1,1,0,1,0,1,0,1,1160.0,skip
141,1,1,1,1,1,1,0,1,1,1,1,1,1,1,1,0,1,1,0,1,0,1081,141,4,,0.0,225,1,1,1,1,0,1,1,0,1,1200.0,skip
142,1,1,1,1,0,1,0,1,1,1,1,1,1,0,1,0,1,1,0,0,1,1088,142,4,,0.0,226,1,1,1,0,1,0,1,0,1,260.0,skip
143,1,1,1,1,1,1,0,1,1,1,1,1,1,1,1,0,1,1,0,1,0,1096,143,4,,0.0,227,1,1,1,1,0,1,1,0,1,220.0,no-action
144,1,1,1,1,1,1,1,1,1,1,1,1,1,1,1,1,1,1,1,0,0,1105,144,4,Inserted_Activity_resource,30.0,228,1,1,1,1,0,1,1,1,1,1140.0,skip
145,1,1,1,1,1,1,0,1,1,1,1,1,1,1,1,0,1,1,0,1,0,1113,145,4,,0.0,229,1,1,1,1,0,1,1,0,1,220.0,no-action
146,1,1,1,1,1,1,0,1,1,1,1,1,1,1,1,0,1,1,0,1,0,1121,146,1,,0.0,23,1,1,1,1,0,1,1,0,1,260.0,skip
147,1,1,1,1,0,1,0,1,1,1,1,1,1,0,1,0,1,1,0,0,1,1128,147,4,,0.0,230,1,1,1,0,1,0,1,0,1,240.0,no-action
148,1,1,1,1,1,1,0,1,1,1,1,1,1,1,1,0,1,1,0,1,0,1136,148,4,,0.0,231,1,1,1,1,0,1,1,0,1,200.0,no-action
149,1,1,1,1,1,1,0,1,1,1,1,1,1,1,1,0,1,1,0,1,0,1144,149,4,,0.0,232,1,1,1,1,0,1,1,0,1,220.0,no-action
150,1,1,1,1,1,1,0,1,1,1,1,1,1,1,1,0,1,1,0,1,0,1152,150,4,,0.0,233,1,1,1,1,0,1,1,0,1,240.0,no-action
151,1,1,1,1,1,1,0,1,1,1,1,1,1,1,1,0,1,1,0,1,0,1160,151,4,,0.0,234,1,1,1,1,0,1,1,0,1,220.0,no-action
152,1,1,1,1,0,1,0,1,1,1,1,1,1,0,1,0,1,1,0,0,1,1167,152,0,,0.0,235,1,1,1,0,1,0,1,0,1,200.0,no-action
153,1,1,1,1,0,1,0,1,1,1,1,1,1,0,1,0,1,1,0,0,1,1174,153,0,,0.0,236,1,1,1,0,1,0,1,0,1,240.0,no-action
154,1,1,1,1,0,1,0,1,1,1,1,1,1,0,1,0,1,1,0,0,1,1181,154,0,,0.0,237,1,1,1,0,1,0,1,0,1,260.0,skip
155,1,1,1,1,0,1,0,1,1,1,1,1,1,0,1,0,1,1,0,0,1,1188,155,4,,0.0,238,1,1,1,0,1,0,1,0,1,4060.0,skip
156,1,1,1,1,1,1,0,1,1,1,1,1,1,1,1,0,1,1,0,1,0,1196,156,4,,0.0,239,1,1,1,1,0,1,1,0,1,4020.0,skip
157,1,1,1,1,1,1,1,1,1,1,1,1,1,1,1,1,1,1,1,0,0,1205,157,1,Inserted_Activity_resource,30.0,24,1,1,1,1,0,1,1,1,1,4060.0,skip
158,1,1,1,1,0,1,0,1,1,1,1,1,1,0,1,0,1,1,0,0,1,1212,158,0,,0.0,240,1,1,1,0,1,0,1,0,1,260.0,skip
159,1,1,1,1,1,1,0,1,1,1,1,1,1,1,1,0,1,1,0,1,0,1220,159,0,,0.0,241,1,1,1,1,0,1,1,0,1,240.0,no-action
160,1,1,1,1,0,1,0,1,1,1,1,1,1,0,1,0,1,1,0,0,1,1227,160,0,,0.0,242,1,1,1,0,1,0,1,0,1,4040.0,skip
161,1,1,1,1,1,1,0,1,1,1,1,1,1,1,1,0,1,1,0,1,0,1235,161,0,,0.0,243,1,1,1,1,0,1,1,0,1,220.0,no-action
162,1,1,1,1,1,1,0,1,1,1,1,1,1,1,1,0,1,1,0,1,0,1243,162,0,,0.0,244,1,1,1,1,0,1,1,0,1,240.0,no-action
163,1,1,1,1,1,1,0,1,1,1,1,1,1,1,1,0,1,1,0,1,0,1251,163,0,,0.0,245,1,1,1,1,0,1,1,0,1,220.0,no-action
164,1,1,1,1,1,1,0,1,1,1,1,1,1,1,1,0,1,1,0,1,0,1259,164,0,,0.0,246,1,1,1,1,0,1,1,0,1,200.0,no-action
165,1,1,1,1,1,1,0,1,1,1,1,1,1,1,1,0,1,1,0,1,0,1267,165,0,,0.0,247,1,1,1,1,0,1,1,0,1,240.0,no-action
166,1,1,1,1,1,1,0,1,1,1,1,1,1,1,1,0,1,1,0,1,0,1275,166,0,,0.0,248,1,1,1,1,0,1,1,0,1,260.0,skip
167,1,1,1,1,1,1,0,1,1,1,1,1,1,1,1,0,1,1,0,1,0,1283,167,0,,0.0,249,1,1,1,1,0,1,1,0,1,220.0,no-action
168,1,1,1,1,1,1,0,1,1,1,1,1,1,1,1,0,1,1,0,1,0,1291,168,1,,0.0,25,1,1,1,1,0,1,1,0,1,210.0,insert
169,1,1,1,1,0,1,0,1,1,1,1,1,1,0,1,0,1,1,0,0,1,1298,169,0,,0.0,250,1,1,1,0,1,0,1,0,1,220.0,no-action
170,1,1,1,1,0,1,0,1,1,1,1,1,1,0,1,0,1,1,0,0,1,1305,170,1,,0.0,251,1,1,1,0,1,0,1,0,1,260.0,skip
171,1,1,1,1,0,1,0,1,1,1,1,1,1,0,1,0,1,1,0,0,1,1312,171,1,,0.0,252,1,1,1,0,1,0,1,0,1,1200.0,skip
172,1,1,1,1,0,1,0,1,1,1,1,1,1,0,1,0,1,1,0,0,1,1319,172,1,,0.0,253,1,1,1,0,1,0,1,0,1,1160.0,skip
173,1,1,1,1,0,1,0,1,1,1,1,1,1,0,1,0,1,1,0,0,1,1326,173,0,,0.0,254,1,1,1,0,1,0,1,0,1,1180.0,skip
174,1,1,1,1,1,1,0,1,1,1,1,1,1,1,1,0,1,1,0,1,0,1334,174,0,,0.0,255,1,1,1,1,0,1,1,0,1,240.0,no-action
175,1,1,1,1,0,1,0,1,1,1,1,1,1,0,1,0,1,1,0,0,1,1341,175,1,,0.0,256,1,1,1,0,1,0,1,0,1,220.0,no-action
176,1,1,1,1,1,1,0,1,1,1,1,1,1,1,1,0,1,1,0,1,0,1349,176,1,,0.0,257,1,1,1,1,0,1,1,0,1,1160.0,skip
177,1,1,1,1,1,1,0,1,1,1,1,1,1,1,1,0,1,1,0,1,0,1357,177,1,,0.0,258,1,1,1,1,0,1,1,0,1,240.0,no-action
178,1,1,1,1,1,1,0,1,1,1,1,1,1,1,1,0,1,1,0,1,0,1365,178,1,,0.0,259,1,1,1,1,0,1,1,0,1,260.0,skip
179,1,1,1,1,0,1,0,1,1,1,1,1,1,0,1,0,1,1,0,0,1,1372,179,1,,0.0,26,1,1,1,0,1,0,1,0,1,220.0,no-action
180,1,1,1,1,1,1,0,1,1,1,1,1,1,1,1,0,1,1,0,1,0,1380,180,1,,0.0,260,1,1,1,1,0,1,1,0,1,210.0,insert
181,1,1,1,1,1,1,0,1,1,1,1,1,1,1,1,0,1,1,0,1,0,1388,181,1,,0.0,261,1,1,1,1,0,1,1,0,1,220.0,no-action
182,1,1,1,1,0,1,0,1,1,1,1,1,1,0,1,0,1,1,0,0,1,1395,182,1,,0.0,262,1,1,1,0,1,0,1,0,1,260.0,skip
183,1,1,1,1,1,1,0,1,1,1,1,1,1,1,1,0,1,1,0,1,0,1403,183,1,,0.0,263,1,1,1,1,0,1,1,0,1,240.0,no-action
184,1,1,1,1,1,1,1,1,1,1,1,1,1,1,1,1,1,1,1,0,0,1412,184,1,Inserted_Activity_resource,30.0,264,1,1,1,1,0,1,1,1,1,200.0,no-action
185,1,1,1,1,1,1,0,1,1,1,1,1,1,1,1,0,1,1,0,1,0,1420,185,1,,0.0,265,1,1,1,1,0,1,1,0,1,220.0,no-action
186,1,1,1,1,0,1,0,1,1,1,1,1,1,0,1,0,1,1,0,0,1,1427,186,1,,0.0,266,1,1,1,0,1,0,1,0,1,240.0,no-action
187,1,1,1,1,0,1,0,1,1,1,1,1,1,0,1,0,1,1,0,0,1,1434,187,2,,0.0,267,1,1,1,0,1,0,1,0,1,1180.0,skip
188,1,1,1,1,0,1,0,1,1,1,1,1,1,0,1,0,1,1,0,0,1,1441,188,2,,0.0,268,1,1,1,0,1,0,1,0,1,1160.0,skip
189,1,1,1,1,0,1,0,1,1,1,1,1,1,0,1,0,1,1,0,0,1,1448,189,2,,0.0,269,1,1,1,0,1,0,1,0,1,1200.0,skip
190,1,1,1,1,0,1,0,1,1,1,1,1,1,0,1,0,1,1,0,0,1,1455,190,2,,0.0,27,1,1,1,0,1,0,1,0,1,260.0,skip
191,1,1,1,1,1,1,0,1,1,1,1,1,1,1,1,0,1,1,0,1,0,1463,191,1,,0.0,270,1,1,1,1,0,1,1,0,1,220.0,no-action
192,1,1,1,1,1,1,0,1,1,1,1,1,1,1,1,0,1,1,0,1,0,1471,192,1,,0.0,271,1,1,1,1,0,1,1,0,1,1140.0,skip
193,1,1,1,1,0,1,0,1,1,1,1,1,1,0,1,0,1,1,0,0,1,1478,193,2,,0.0,272,1,1,1,0,1,0,1,0,1,220.0,no-action
194,1,1,1,1,1,1,0,1,1,1,1,1,1,1,1,0,1,1,0,1,0,1486,194,2,,0.0,273,1,1,1,1,0,1,1,0,1,260.0,skip
195,1,1,1,1,0,1,0,1,1,1,1,1,1,0,1,0,1,1,0,0,1,1493,195,2,,0.0,274,1,1,1,0,1,0,1,0,1,240.0,no-action
196,1,1,1,1,1,1,0,1,1,1,1,1,1,1,1,0,1,1,0,1,0,1501,196,2,,0.0,275,1,1,1,1,0,1,1,0,1,200.0,no-action
197,1,1,1,1,1,1,1,1,1,1,1,1,1,1,1,1,1,1,1,0,0,1510,197,2,Inserted_Activity_resource,30.0,276,1,1,1,1,0,1,1,1,1,220.0,no-action
198,1,1,1,1,1,1,0,1,1,1,1,1,1,1,1,0,1,1,0,1,0,1518,198,2,,0.0,277,1,1,1,1,0,1,1,0,1,240.0,no-action
199,1,1,1,1,0,1,0,1,1,1,1,1,1,0,1,0,1,1,0,0,1,1525,199,2,,0.0,278,1,1,1,0,1,0,1,0,1,220.0,no-action
200,1,1,1,1,1,1,0,1,1,1,1,1,1,1,1,0,1,1,0,1,0,1533,200,2,,0.0,279,1,1,1,1,0,1,1,0,1,200.0,no-action
201,1,1,1,1,0,1,0,1,1,1,1,1,1,0,1,0,1,1,0,0,1,1540,201,2,,0.0,28,1,1,1,0,1,0,1,0,1,240.0,no-action
202,1,1,1,1,1,1,0,1,1,1,1,1,1,1,1,0,1,1,0,1,0,1548,202,2,,0.0,280,1,1,1,1,0,1,1,0,1,260.0,skip
203,1,1,1,1,1,1,0,1,1,1,1,1,1,1,1,0,1,1,0,1,0,1556,203,2,,0.0,281,1,1,1,1,0,1,1,0,1,1180.0,skip
204,1,1,1,1,1,1,0,1,1,1,1,1,1,1,1,0,1,1,0,1,0,1564,204,2,,0.0,282,1,1,1,1,0,1,1,0,1,1140.0,skip
205,1,1,1,1,0,1,0,1,1,1,1,1,1,0,1,0,1,1,0,0,1,1571,205,3,,0.0,283,1,1,1,0,1,0,1,0,1,1180.0,skip
206,1,1,1,1,0,1,0,1,1,1,1,1,1,0,1,0,1,1,0,0,1,1578,206,3,,0.0,284,1,1,1,0,1,0,1,0,1,260.0,skip
207,1,1,1,1,0,1,0,1,1,1,1,1,1,0,1,0,1,1,0,0,1,1585,207,3,,0.0,285,1,1,1,0,1,0,1,0,1,240.0,no-action
208,1,1,1,1,0,1,0,1,1,1,1,1,1,0,1,0,1,1,0,0,1,1592,208,2,,0.0,286,1,1,1,0,1,0,1,0,1,1160.0,skip
209,1,1,1,1,1,1,0,1,1,1,1,1,1,1,1,0,1,1,0,1,0,1600,209,2,,0.0,287,1,1,1,1,0,1,1,0,1,220.0,no-action
210,1,1,1,1,0,1,0,1,1,1,1,1,1,0,1,0,1,1,0,0,1,1607,210,3,,0.0,288,1,1,1,0,1,0,1,0,1,240.0,no-action
211,1,1,1,1,1,1,0,1,1,1,1,1,1,1,1,0,1,1,0,1,0,1615,211,3,,0.0,289,1,1,1,1,0,1,1,0,1,220.0,no-action
212,1,1,1,1,0,1,0,1,1,1,1,1,1,0,1,0,1,1,0,0,1,1622,212,2,,0.0,29,1,1,1,0,1,0,1,0,1,200.0,no-action
213,1,1,1,1,0,1,0,1,1,1,1,1,1,0,1,0,1,1,0,0,1,1629,213,3,,0.0,290,1,1,1,0,1,0,1,0,1,240.0,no-action
214,1,1,1,1,1,1,0,1,1,1,1,1,1,1,1,0,1,1,0,1,0,1637,214,3,,0.0,291,1,1,1,1,0,1,1,0,1,260.0,skip
215,1,1,1,1,1,1,0,1,1,1,1,1,1,1,1,0,1,1,0,1,0,1645,215,3,,0.0,292,1,1,1,1,0,1,1,0,1,220.0,no-action
216,1,1,1,1,1,1,0,1,1,1,1,1,1,1,1,0,1,1,0,1,0,1653,216,3,,0.0,293,1,1,1,1,0,1,1,0,1,210.0,insert
217,1,1,1,1,1,1,0,1,1,1,1,1,1,1,1,0,1,1,0,1,0,1661,217,3,,0.0,294,1,1,1,1,0,1,1,0,1,220.0,no-action
218,1,1,1,1,1,1,0,1,1,1,1,1,1,1,1,0,1,1,0,1,0,1669,218,3,,0.0,295,1,1,1,1,0,1,1,0,1,260.0,skip
219,1,1,1,1,1,1,0,1,1,1,1,1,1,1,1,0,1,1,0,1,0,1677,219,3,,0.0,296,1,1,1,1,0,1,1,0,1,1200.0,skip
220,1,1,1,1,1,1,0,1,1,1,1,1,1,1,1,0,1,1,0,1,0,1685,220,3,,0.0,297,1,1,1,1,0,1,1,0,1,1160.0,skip
221,1,1,1,1,0,1,0,1,1,1,1,1,1,0,1,0,1,1,0,0,1,1692,221,3,,0.0,298,1,1,1,0,1,0,1,0,1,1180.0,skip
222,1,1,1,1,0,1,0,1,1,1,1,1,1,0,1,0,1,1,0,0,1,1699,222,4,,0.0,299,1,1,1,0,1,0,1,0,1,240.0,no-action
223,1,1,1,1,1,1,0,1,1,1,1,1,1,1,1,0,1,1,0,1,0,1707,223,0,,0.0,3,1,1,1,1,0,1,1,0,1,220.0,no-action
224,1,1,1,1,1,1,0,1,1,1,1,1,1,1,1,0,1,1,0,1,0,1715,224,1,,0.0,30,1,1,1,1,0,1,1,0,1,1160.0,skip
225,1,1,1,1,0,1,0,1,1,1,1,1,1,0,1,0,1,1,0,0,1,1722,225,4,,0.0,300,1,1,1,0,1,0,1,0,1,240.0,no-action
226,1,1,1,1,0,1,0,1,1,1,1,1,1,0,1,0,1,1,0,0,1,1729,226,4,,0.0,301,1,1,1,0,1,0,1,0,1,260.0,skip
227,1,1,1,1,0,1,0,1,1,1,1,1,1,0,1,0,1,1,0,0,1,1736,227,3,,0.0,302,1,1,1,0,1,0,1,0,1,220.0,no-action
228,1,1,1,1,1,1,0,1,1,1,1,1,1,1,1,0,1,1,0,1,0,1744,228,3,,0.0,303,1,1,1,1,0,1,1,0,1,210.0,insert
229,1,1,1,1,0,1,0,1,1,1,1,1,1,0,1,0,1,1,0,0,1,1751,229,4,,0.0,304,1,1,1,0,1,0,1,0,1,220.0,no-action
230,1,1,1,1,1,1,0,1,1,1,1,1,1,1,1,0,1,1,0,1,0,1759,230,4,,0.0,305,1,1,1,1,0,1,1,0,1,260.0,skip
231,1,1,1,1,1,1,0,1,1,1,1,1,1,1,1,0,1,1,0,1,0,1767,231,4,,0.0,306,1,1,1,1,0,1,1,0,1,240.0,no-action
232,1,1,1,1,1,1,0,1,1,1,1,1,1,1,1,0,1,1,0,1,0,1775,232,4,,0.0,307,1,1,1,1,0,1,1,0,1,200.0,no-action
233,1,1,1,1,1,1,0,1,1,1,1,1,1,1,1,0,1,1,0,1,0,1783,233,4,,0.0,308,1,1,1,1,0,1,1,0,1,220.0,no-action
234,1,1,1,1,1,1,0,1,1,1,1,1,1,1,1,0,1,1,0,1,0,1791,234,4,,0.0,309,1,1,1,1,0,1,1,0,1,240.0,no-action
235,1,1,1,1,1,1,0,1,1,1,1,1,1,1,1,0,1,1,0,1,0,1799,235,1,,0.0,31,1,1,1,1,0,1,1,0,1,4060.0,skip
236,1,1,1,1,0,1,0,1,1,1,1,1,1,0,1,0,1,1,0,0,1,1806,236,4,,0.0,310,1,1,1,0,1,0,1,0,1,4040.0,skip
237,1,1,1,1,1,1,0,1,1,1,1,1,1,1,1,0,1,1,0,1,0,1814,237,4,,0.0,311,1,1,1,1,0,1,1,0,1,4080.0,skip
238,1,1,1,1,1,1,1,1,1,1,1,1,1,1,1,1,1,1,1,0,0,1823,238,4,Inserted_Activity_resource,30.0,312,1,1,1,1,0,1,1,1,1,260.0,skip
239,1,1,1,1,1,1,0,1,1,1,1,1,1,1,1,0,1,1,0,1,0,1831,239,4,,0.0,313,1,1,1,1,0,1,1,0,1,220.0,no-action
240,1,1,1,1,0,1,0,1,1,1,1,1,1,0,1,0,1,1,0,0,1,1838,240,4,,0.0,314,1,1,1,0,1,0,1,0,1,4020.0,skip
241,1,1,1,1,0,1,0,1,1,1,1,1,1,0,1,0,1,1,0,0,1,1845,241,0,,0.0,315,1,1,1,0,1,0,1,0,1,220.0,no-action
242,1,1,1,1,0,1,0,1,1,1,1,1,1,0,1,0,1,1,0,0,1,1852,242,0,,0.0,316,1,1,1,0,1,0,1,0,1,260.0,skip
243,1,1,1,1,0,1,0,1,1,1,1,1,1,0,1,0,1,1,0,0,1,1859,243,0,,0.0,317,1,1,1,0,1,0,1,0,1,240.0,no-action
244,1,1,1,1,1,1,0,1,1,1,1,1,1,1,1,0,1,1,0,1,0,1867,244,4,,0.0,318,1,1,1,1,0,1,1,0,1,200.0,no-action
245,1,1,1,1,1,1,0,1,1,1,1,1,1,1,1,0,1,1,0,1,0,1875,245,4,,0.0,319,1,1,1,1,0,1,1,0,1,220.0,no-action
246,1,1,1,1,0,1,0,1,1,1,1,1,1,0,1,0,1,1,0,0,1,1882,246,2,,0.0,32,1,1,1,0,1,0,1,0,1,240.0,no-action
247,1,1,1,1,0,1,0,1,1,1,1,1,1,0,1,0,1,1,0,0,1,1889,247,0,,0.0,320,1,1,1,0,1,0,1,0,1,220.0,no-action
248,1,1,1,1,1,1,0,1,1,1,1,1,1,1,1,0,1,1,0,1,0,1897,248,0,,0.0,321,1,1,1,1,0,1,1,0,1,200.0,no-action
249,1,1,1,1,0,1,0,1,1,1,1,1,1,0,1,0,1,1,0,0,1,1904,249,0,,0.0,322,1,1,1,0,1,0,1,0,1,240.0,no-action
250,1,1,1,1,1,1,0,1,1,1,1,1,1,1,1,0,1,1,0,1,0,1912,250,0,,0.0,323,1,1,1,1,0,1,1,0,1,260.0,skip
251,1,1,1,1,1,1,1,1,1,1,1,1,1,1,1,1,1,1,1,0,0,1921,251,0,Inserted_Activity_resource,30.0,324,1,1,1,1,0,1,1,1,1,1180.0,skip
252,1,1,1,1,1,1,0,1,1,1,1,1,1,1,1,0,1,1,0,1,0,1929,252,0,,0.0,325,1,1,1,1,0,1,1,0,1,1140.0,skip
253,1,1,1,1,0,1,0,1,1,1,1,1,1,0,1,0,1,1,0,0,1,1936,253,0,,0.0,326,1,1,1,0,1,0,1,0,1,1180.0,skip
254,1,1,1,1,1,1,0,1,1,1,1,1,1,1,1,0,1,1,0,1,0,1944,254,0,,0.0,327,1,1,1,1,0,1,1,0,1,260.0,skip
255,1,1,1,1,1,1,0,1,1,1,1,1,1,1,1,0,1,1,0,1,0,1952,255,0,,0.0,328,1,1,1,1,0,1,1,0,1,240.0,no-action
256,1,1,1,1,1,1,0,1,1,1,1,1,1,1,1,0,1,1,0,1,0,1960,256,0,,0.0,329,1,1,1,1,0,1,1,0,1,1160.0,skip
257,1,1,1,1,1,1,0,1,1,1,1,1,1,1,1,0,1,1,0,1,0,1968,257,2,,0.0,33,1,1,1,1,0,1,1,0,1,220.0,no-action
258,1,1,1,1,1,1,0,1,1,1,1,1,1,1,1,0,1,1,0,1,0,1976,258,0,,0.0,330,1,1,1,1,0,1,1,0,1,240.0,no-action
259,1,1,1,1,0,1,0,1,1,1,1,1,1,0,1,0,1,1,0,0,1,1983,259,1,,0.0,331,1,1,1,0,1,0,1,0,1,220.0,no-action
260,1,1,1,1,0,1,0,1,1,1,1,1,1,0,1,0,1,1,0,0,1,1990,260,1,,0.0,332,1,1,1,0,1,0,1,0,1,200.0,no-action
261,1,1,1,1,0,1,0,1,1,1,1,1,1,0,1,0,1,1,0,0,1,1997,261,1,,0.0,333,1,1,1,0,1,0,1,0,1,240.0,no-action
262,1,1,1,1,0,1,0,1,1,1,1,1,1,0,1,0,1,1,0,0,1,2004,262,0,,0.0,334,1,1,1,0,1,0,1,0,1,260.0,skip
263,1,1,1,1,1,1,0,1,1,1,1,1,1,1,1,0,1,1,0,1,0,2012,263,0,,0.0,335,1,1,1,1,0,1,1,0,1,220.0,no-action
264,1,1,1,1,0,1,0,1,1,1,1,1,1,0,1,0,1,1,0,0,1,2019,264,1,,0.0,336,1,1,1,0,1,0,1,0,1,210.0,insert
265,1,1,1,1,1,1,0,1,1,1,1,1,1,1,1,0,1,1,0,1,0,2027,265,1,,0.0,337,1,1,1,1,0,1,1,0,1,220.0,no-action
266,1,1,1,1,0,1,0,1,1,1,1,1,1,0,1,0,1,1,0,0,1,2034,266,1,,0.0,338,1,1,1,0,1,0,1,0,1,260.0,skip
267,1,1,1,1,1,1,0,1,1,1,1,1,1,1,1,0,1,1,0,1,0,2042,267,1,,0.0,339,1,1,1,1,0,1,1,0,1,1200.0,skip
268,1,1,1,1,0,1,0,1,1,1,1,1,1,0,1,0,1,1,0,0,1,2049,268,2,,0.0,34,1,1,1,0,1,0,1,0,1,1160.0,skip
269,1,1,1,1,1,1,0,1,1,1,1,1,1,1,1,0,1,1,0,1,0,2057,269,1,,0.0,340,1,1,1,1,0,1,1,0,1,1180.0,skip
270,1,1,1,1,1,1,0,1,1,1,1,1,1,1,1,0,1,1,0,1,0,2065,270,1,,0.0,341,1,1,1,1,0,1,1,0,1,240.0,no-action
271,1,1,1,1,1,1,0,1,1,1,1,1,1,1,1,0,1,1,0,1,0,2073,271,1,,0.0,342,1,1,1,1,0,1,1,0,1,220.0,no-action
272,1,1,1,1,1,1,0,1,1,1,1,1,1,1,1,0,1,1,0,1,0,2081,272,1,,0.0,343,1,1,1,1,0,1,1,0,1,1160.0,skip
273,1,1,1,1,1,1,0,1,1,1,1,1,1,1,1,0,1,1,0,1,0,2089,273,1,,0.0,344,1,1,1,1,0,1,1,0,1,240.0,no-action
274,1,1,1,1,1,1,0,1,1,1,1,1,1,1,1,0,1,1,0,1,0,2097,274,1,,0.0,345,1,1,1,1,0,1,1,0,1,260.0,skip
275,1,1,1,1,0,1,0,1,1,1,1,1,1,0,1,0,1,1,0,0,1,2104,275,1,,0.0,346,1,1,1,0,1,0,1,0,1,220.0,no-action
276,1,1,1,1,0,1,0,1,1,1,1,1,1,0,1,0,1,1,0,0,1,2111,276,2,,0.0,347,1,1,1,0,1,0,1,0,1,210.0,insert
277,1,1,1,1,0,1,0,1,1,1,1,1,1,0,1,0,1,1,0,0,1,2118,277,2,,0.0,348,1,1,1,0,1,0,1,0,1,220.0,no-action
278,1,1,1,1,0,1,0,1,1,1,1,1,1,0,1,0,1,1,0,0,1,2125,278,2,,0.0,349,1,1,1,0,1,0,1,0,1,260.0,skip
279,1,1,1,1,1,1,0,1,1,1,1,1,1,1,1,0,1,1,0,1,0,2133,279,2,,0.0,35,1,1,1,1,0,1,1,0,1,240.0,no-action
280,1,1,1,1,0,1,0,1,1,1,1,1,1,0,1,0,1,1,0,0,1,2140,280,1,,0.0,350,1,1,1,0,1,0,1,0,1,200.0,no-action
281,1,1,1,1,1,1,0,1,1,1,1,1,1,1,1,0,1,1,0,1,0,2148,281,1,,0.0,351,1,1,1,1,0,1,1,0,1,220.0,no-action
282,1,1,1,1,0,1,0,1,1,1,1,1,1,0,1,0,1,1,0,0,1,2155,282,2,,0.0,352,1,1,1,0,1,0,1,0,1,240.0,no-action
283,1,1,1,1,1,1,0,1,1,1,1,1,1,1,1,0,1,1,0,1,0,2163,283,2,,0.0,353,1,1,1,1,0,1,1,0,1,1180.0,skip
284,1,1,1,1,1,1,0,1,1,1,1,1,1,1,1,0,1,1,0,1,0,2171,284,2,,0.0,354,1,1,1,1,0,1,1,0,1,1160.0,skip
285,1,1,1,1,1,1,0,1,1,1,1,1,1,1,1,0,1,1,0,1,0,2179,285,2,,0.0,355,1,1,1,1,0,1,1,0,1,1200.0,skip
286,1,1,1,1,1,1,0,1,1,1,1,1,1,1,1,0,1,1,0,1,0,2187,286,2,,0.0,356,1,1,1,1,0,1,1,0,1,260.0,skip
287,1,1,1,1,1,1,0,1,1,1,1,1,1,1,1,0,1,1,0,1,0,2195,287,2,,0.0,357,1,1,1,1,0,1,1,0,1,220.0,no-action
288,1,1,1,1,0,1,0,1,1,1,1,1,1,0,1,0,1,1,0,0,1,2202,288,2,,0.0,358,1,1,1,0,1,0,1,0,1,1140.0,skip
289,1,1,1,1,1,1,0,1,1,1,1,1,1,1,1,0,1,1,0,1,0,2210,289,2,,0.0,359,1,1,1,1,0,1,1,0,1,220.0,no-action
290,1,1,1,1,1,1,1,1,1,1,1,1,1,1,1,1,1,1,1,0,0,2219,290,2,Inserted_Activity_resource,30.0,36,1,1,1,1,0,1,1,1,1,260.0,skip
291,1,1,1,1,1,1,1,1,1,1,1,1,1,1,1,1,1,1,1,0,0,2228,291,2,Inserted_Activity_resource,30.0,360,1,1,1,1,0,1,1,1,1,240.0,no-action
292,1,1,1,1,1,1,0,1,1,1,1,1,1,1,1,0,1,1,0,1,0,2236,292,2,,0.0,361,1,1,1,1,0,1,1,0,1,200.0,no-action
293,1,1,1,1,0,1,0,1,1,1,1,1,1,0,1,0,1,1,0,0,1,2243,293,2,,0.0,362,1,1,1,0,1,0,1,0,1,220.0,no-action
294,1,1,1,1,0,1,0,1,1,1,1,1,1,0,1,0,1,1,0,0,1,2250,294,3,,0.0,363,1,1,1,0,1,0,1,0,1,240.0,no-action
295,1,1,1,1,0,1,0,1,1,1,1,1,1,0,1,0,1,1,0,0,1,2257,295,3,,0.0,364,1,1,1,0,1,0,1,0,1,220.0,no-action
296,1,1,1,1,0,1,0,1,1,1,1,1,1,0,1,0,1,1,0,0,1,2264,296,3,,0.0,365,1,1,1,0,1,0,1,0,1,200.0,no-action
297,1,1,1,1,1,1,0,1,1,1,1,1,1,1,1,0,1,1,0,1,0,2272,297,2,,0.0,366,1,1,1,1,0,1,1,0,1,240.0,no-action
298,1,1,1,1,1,1,0,1,1,1,1,1,1,1,1,0,1,1,0,1,0,2280,298,2,,0.0,367,1,1,1,1,0,1,1,0,1,260.0,skip
299,1,1,1,1,0,1,0,1,1,1,1,1,1,0,1,0,1,1,0,0,1,2287,299,3,,0.0,368,1,1,1,0,1,0,1,0,1,1180.0,skip
300,1,1,1,1,1,1,0,1,1,1,1,1,1,1,1,0,1,1,0,1,0,2295,300,3,,0.0,369,1,1,1,1,0,1,1,0,1,1140.0,skip
301,1,1,1,1,1,1,0,1,1,1,1,1,1,1,1,0,1,1,0,1,0,2303,301,2,,0.0,37,1,1,1,1,0,1,1,0,1,1180.0,skip
302,1,1,1,1,0,1,0,1,1,1,1,1,1,0,1,0,1,1,0,0,1,2310,302,3,,0.0,370,1,1,1,0,1,0,1,0,1,260.0,skip
303,1,1,1,1,1,1,0,1,1,1,1,1,1,1,1,0,1,1,0,1,0,2318,303,3,,0.0,371,1,1,1,1,0,1,1,0,1,240.0,no-action
304,1,1,1,1,1,1,1,1,1,1,1,1,1,1,1,1,1,1,1,0,0,2327,304,3,Inserted_Activity_resource,30.0,372,1,1,1,1,0,1,1,1,1,1160.0,skip
305,1,1,1,1,1,1,0,1,1,1,1,1,1,1,1,0,1,1,0,1,0,2335,305,3,,0.0,373,1,1,1,1,0,1,1,0,1,220.0,no-action
306,1,1,1,1,0,1,0,1,1,1,1,1,1,0,1,0,1,1,0,0,1,2342,306,3,,0.0,374,1,1,1,0,1,0,1,0,1,240.0,no-action
307,1,1,1,1,1,1,0,1,1,1,1,1,1,1,1,0,1,1,0,1,0,2350,307,3,,0.0,375,1,1,1,1,0,1,1,0,1,220.0,no-action
308,1,1,1,1,1,1,0,1,1,1,1,1,1,1,1,0,1,1,0,1,0,2358,308,3,,0.0,376,1,1,1,1,0,1,1,0,1,200.0,no-action
309,1,1,1,1,1,1,0,1,1,1,1,1,1,1,1,0,1,1,0,1,0,2366,309,3,,0.0,377,1,1,1,1,0,1,1,0,1,240.0,no-action
310,1,1,1,1,1,1,0,1,1,1,1,1,1,1,1,0,1,1,0,1,0,2374,310,3,,0.0,378,1,1,1,1,0,1,1,0,1,260.0,skip
311,1,1,1,1,0,1,0,1,1,1,1,1,1,0,1,0,1,1,0,0,1,2381,311,4,,0.0,379,1,1,1,0,1,0,1,0,1,220.0,no-action
312,1,1,1,1,0,1,0,1,1,1,1,1,1,0,1,0,1,1,0,0,1,2388,312,2,,0.0,38,1,1,1,0,1,0,1,0,1,210.0,insert
313,1,1,1,1,0,1,0,1,1,1,1,1,1,0,1,0,1,1,0,0,1,2395,313,4,,0.0,380,1,1,1,0,1,0,1,0,1,220.0,no-action
314,1,1,1,1,0,1,0,1,1,1,1,1,1,0,1,0,1,1,0,0,1,2402,314,4,,0.0,381,1,1,1,0,1,0,1,0,1,260.0,skip
315,1,1,1,1,0,1,0,1,1,1,1,1,1,0,1,0,1,1,0,0,1,2409,315,3,,0.0,382,1,1,1,0,1,0,1,0,1,4080.0,skip
316,1,1,1,1,1,1,0,1,1,1,1,1,1,1,1,0,1,1,0,1,0,2417,316,3,,0.0,383,1,1,1,1,0,1,1,0,1,4040.0,skip
317,1,1,1,1,0,1,0,1,1,1,1,1,1,0,1,0,1,1,0,0,1,2424,317,4,,0.0,384,1,1,1,0,1,0,1,0,1,4060.0,skip
318,1,1,1,1,1,1,0,1,1,1,1,1,1,1,1,0,1,1,0,1,0,2432,318,4,,0.0,385,1,1,1,1,0,1,1,0,1,240.0,no-action
319,1,1,1,1,0,1,0,1,1,1,1,1,1,0,1,0,1,1,0,0,1,2439,319,4,,0.0,386,1,1,1,0,1,0,1,0,1,220.0,no-action
320,1,1,1,1,1,1,0,1,1,1,1,1,1,1,1,0,1,1,0,1,0,2447,320,4,,0.0,387,1,1,1,1,0,1,1,0,1,4040.0,skip
321,1,1,1,1,1,1,0,1,1,1,1,1,1,1,1,0,1,1,0,1,0,2455,321,4,,0.0,388,1,1,1,1,0,1,1,0,1,240.0,no-action
322,1,1,1,1,1,1,0,1,1,1,1,1,1,1,1,0,1,1,0,1,0,2463,322,4,,0.0,389,1,1,1,1,0,1,1,0,1,260.0,skip
323,1,1,1,1,1,1,0,1,1,1,1,1,1,1,1,0,1,1,0,1,0,2471,323,2,,0.0,39,1,1,1,1,0,1,1,0,1,220.0,no-action
324,1,1,1,1,1,1,0,1,1,1,1,1,1,1,1,0,1,1,0,1,0,2479,324,4,,0.0,390,1,1,1,1,0,1,1,0,1,210.0,insert
325,1,1,1,1,1,1,0,1,1,1,1,1,1,1,1,0,1,1,0,1,0,2487,325,4,,0.0,391,1,1,1,1,0,1,1,0,1,220.0,no-action
326,1,1,1,1,1,1,0,1,1,1,1,1,1,1,1,0,1,1,0,1,0,2495,326,4,,0.0,392,1,1,1,1,0,1,1,0,1,260.0,skip
327,1,1,1,1,1,1,0,1,1,1,1,1,1,1,1,0,1,1,0,1,0,2503,327,4,,0.0,393,1,1,1,1,0,1,1,0,1,240.0,no-action
328,1,1,1,1,0,1,0,1,1,1,1,1,1,0,1,0,1,1,0,0,1,2510,328,4,,0.0,394,1,1,1,0,1,0,1,0,1,200.0,no-action
329,1,1,1,1,0,1,0,1,1,1,1,1,1,0,1,0,1,1,0,0,1,2517,329,0,,0.0,395,1,1,1,0,1,0,1,0,1,220.0,no-action
330,1,1,1,1,0,1,0,1,1,1,1,1,1,0,1,0,1,1,0,0,1,2524,330,0,,0.0,396,1,1,1,0,1,0,1,0,1,240.0,no-action
331,1,1,1,1,0,1,0,1,1,1,1,1,1,0,1,0,1,1,0,0,1,2531,331,0,,0.0,397,1,1,1,0,1,0,1,0,1,1180.0,skip
332,1,1,1,1,0,1,0,1,1,1,1,1,1,0,1,0,1,1,0,0,1,2538,332,4,,0.0,398,1,1,1,0,1,0,1,0,1,1160.0,skip
333,1,1,1,1,1,1,0,1,1,1,1,1,1,1,1,0,1,1,0,1,0,2546,333,4,,0.0,399,1,1,1,1,0,1,1,0,1,1200.0,skip
334,1,1,1,1,1,1,0,1,1,1,1,1,1,1,1,0,1,1,0,1,0,2554,334,0,,0.0,4,1,1,1,1,0,1,1,0,1,260.0,skip
335,1,1,1,1,1,1,0,1,1,1,1,1,1,1,1,0,1,1,0,1,0,2562,335,2,,0.0,40,1,1,1,1,0,1,1,0,1,220.0,no-action
336,1,1,1,1,0,1,0,1,1,1,1,1,1,0,1,0,1,1,0,0,1,2569,336,0,,0.0,400,1,1,1,0,1,0,1,0,1,1140.0,skip
337,1,1,1,1,1,1,0,1,1,1,1,1,1,1,1,0,1,1,0,1,0,2577,337,0,,0.0,401,1,1,1,1,0,1,1,0,1,220.0,no-action
338,1,1,1,1,1,1,0,1,1,1,1,1,1,1,1,0,1,1,0,1,0,2585,338,0,,0.0,402,1,1,1,1,0,1,1,0,1,260.0,skip
339,1,1,1,1,1,1,0,1,1,1,1,1,1,1,1,0,1,1,0,1,0,2593,339,0,,0.0,403,1,1,1,1,0,1,1,0,1,240.0,no-action
340,1,1,1,1,1,1,0,1,1,1,1,1,1,1,1,0,1,1,0,1,0,2601,340,0,,0.0,404,1,1,1,1,0,1,1,0,1,200.0,no-action
341,1,1,1,1,1,1,0,1,1,1,1,1,1,1,1,0,1,1,0,1,0,2609,341,0,,0.0,405,1,1,1,1,0,1,1,0,1,220.0,no-action
342,1,1,1,1,0,1,0,1,1,1,1,1,1,0,1,0,1,1,0,0,1,2616,342,0,,0.0,406,1,1,1,0,1,0,1,0,1,240.0,no-action
343,1,1,1,1,1,1,0,1,1,1,1,1,1,1,1,0,1,1,0,1,0,2624,343,0,,0.0,407,1,1,1,1,0,1,1,0,1,220.0,no-action
344,1,1,1,1,1,1,1,1,1,1,1,1,1,1,1,1,1,1,1,0,0,2633,344,0,Inserted_Activity_resource,30.0,408,1,1,1,1,0,1,1,1,1,200.0,no-action
345,1,1,1,1,1,1,0,1,1,1,1,1,1,1,1,0,1,1,0,1,0,2641,345,0,,0.0,409,1,1,1,1,0,1,1,0,1,240.0,no-action
346,1,1,1,1,1,1,0,1,1,1,1,1,1,1,1,0,1,1,0,1,0,2649,346,2,,0.0,41,1,1,1,1,0,1,1,0,1,260.0,skip
347,1,1,1,1,0,1,0,1,1,1,1,1,1,0,1,0,1,1,0,0,1,2656,347,0,,0.0,410,1,1,1,0,1,0,1,0,1,1180.0,skip
348,1,1,1,1,0,1,0,1,1,1,1,1,1,0,1,0,1,1,0,0,1,2663,348,1,,0.0,411,1,1,1,0,1,0,1,0,1,1140.0,skip
349,1,1,1,1,0,1,0,1,1,1,1,1,1,0,1,0,1,1,0,0,1,2670,349,1,,0.0,412,1,1,1,0,1,0,1,0,1,1180.0,skip
350,1,1,1,1,0,1,0,1,1,1,1,1,1,0,1,0,1,1,0,0,1,2677,350,1,,0.0,413,1,1,1,0,1,0,1,0,1,260.0,skip
351,1,1,1,1,1,1,0,1,1,1,1,1,1,1,1,0,1,1,0,1,0,2685,351,0,,0.0,414,1,1,1,1,0,1,1,0,1,240.0,no-action
352,1,1,1,1,1,1,0,1,1,1,1,1,1,1,1,0,1,1,0,1,0,2693,352,0,,0.0,415,1,1,1,1,0,1,1,0,1,1160.0,skip
353,1,1,1,1,0,1,0,1,1,1,1,1,1,0,1,0,1,1,0,0,1,2700,353,1,,0.0,416,1,1,1,0,1,0,1,0,1,220.0,no-action
354,1,1,1,1,1,1,0,1,1,1,1,1,1,1,1,0,1,1,0,1,0,2708,354,1,,0.0,417,1,1,1,1,0,1,1,0,1,240.0,no-action
355,1,1,1,1,0,1,0,1,1,1,1,1,1,0,1,0,1,1,0,0,1,2715,355,1,,0.0,418,1,1,1,0,1,0,1,0,1,220.0,no-action
356,1,1,1,1,1,1,0,1,1,1,1,1,1,1,1,0,1,1,0,1,0,2723,356,1,,0.0,419,1,1,1,1,0,1,1,0,1,200.0,no-action
357,1,1,1,1,1,1,0,1,1,1,1,1,1,1,1,0,1,1,0,1,0,2731,357,2,,0.0,42,1,1,1,1,0,1,1,0,1,240.0,no-action
358,1,1,1,1,1,1,1,1,1,1,1,1,1,1,1,1,1,1,1,0,0,2740,358,1,Inserted_Activity_resource,30.0,420,1,1,1,1,0,1,1,1,1,260.0,skip
359,1,1,1,1,1,1,0,1,1,1,1,1,1,1,1,0,1,1,0,1,0,2748,359,1,,0.0,421,1,1,1,1,0,1,1,0,1,220.0,no-action
360,1,1,1,1,0,1,0,1,1,1,1,1,1,0,1,0,1,1,0,0,1,2755,360,1,,0.0,422,1,1,1,0,1,0,1,0,1,210.0,insert
361,1,1,1,1,1,1,0,1,1,1,1,1,1,1,1,0,1,1,0,1,0,2763,361,1,,0.0,423,1,1,1,1,0,1,1,0,1,220.0,no-action
362,1,1,1,1,1,1,0,1,1,1,1,1,1,1,1,0,1,1,0,1,0,2771,362,1,,0.0,424,1,1,1,1,0,1,1,0,1,260.0,skip
363,1,1,1,1,1,1,0,1,1,1,1,1,1,1,1,0,1,1,0,1,0,2779,363,1,,0.0,425,1,1,1,1,0,1,1,0,1,1200.0,skip
364,1,1,1,1,1,1,0,1,1,1,1,1,1,1,1,0,1,1,0,1,0,2787,364,1,,0.0,426,1,1,1,1,0,1,1,0,1,1160.0,skip
365,1,1,1,1,0,1,0,1,1,1,1,1,1,0,1,0,1,1,0,0,1,2794,365,2,,0.0,427,1,1,1,0,1,0,1,0,1,1180.0,skip
366,1,1,1,1,0,1,0,1,1,1,1,1,1,0,1,0,1,1,0,0,1,2801,366,2,,0.0,428,1,1,1,0,1,0,1,0,1,240.0,no-action
367,1,1,1,1,0,1,0,1,1,1,1,1,1,0,1,0,1,1,0,0,1,2808,367,2,,0.0,429,1,1,1,0,1,0,1,0,1,220.0,no-action
368,1,1,1,1,0,1,0,1,1,1,1,1,1,0,1,0,1,1,0,0,1,2815,368,3,,0.0,43,1,1,1,0,1,0,1,0,1,1160.0,skip
369,1,1,1,1,0,1,0,1,1,1,1,1,1,0,1,0,1,1,0,0,1,2822,369,1,,0.0,430,1,1,1,0,1,0,1,0,1,240.0,no-action
370,1,1,1,1,1,1,0,1,1,1,1,1,1,1,1,0,1,1,0,1,0,2830,370,1,,0.0,431,1,1,1,1,0,1,1,0,1,260.0,skip
371,1,1,1,1,0,1,0,1,1,1,1,1,1,0,1,0,1,1,0,0,1,2837,371,2,,0.0,432,1,1,1,0,1,0,1,0,1,220.0,no-action
372,1,1,1,1,1,1,0,1,1,1,1,1,1,1,1,0,1,1,0,1,0,2845,372,2,,0.0,433,1,1,1,1,0,1,1,0,1,210.0,insert
373,1,1,1,1,0,1,0,1,1,1,1,1,1,0,1,0,1,1,0,0,1,2852,373,2,,0.0,434,1,1,1,0,1,0,1,0,1,220.0,no-action
374,1,1,1,1,1,1,0,1,1,1,1,1,1,1,1,0,1,1,0,1,0,2860,374,2,,0.0,435,1,1,1,1,0,1,1,0,1,260.0,skip
375,1,1,1,1,1,1,0,1,1,1,1,1,1,1,1,0,1,1,0,1,0,2868,375,2,,0.0,436,1,1,1,1,0,1,1,0,1,240.0,no-action
376,1,1,1,1,1,1,0,1,1,1,1,1,1,1,1,0,1,1,0,1,0,2876,376,2,,0.0,437,1,1,1,1,0,1,1,0,1,200.0,no-action
377,1,1,1,1,1,1,0,1,1,1,1,1,1,1,1,0,1,1,0,1,0,2884,377,2,,0.0,438,1,1,1,1,0,1,1,0,1,220.0,no-action
378,1,1,1,1,1,1,0,1,1,1,1,1,1,1,1,0,1,1,0,1,0,2892,378,2,,0.0,439,1,1,1,1,0,1,1,0,1,240.0,no-action
379,1,1,1,1,0,1,0,1,1,1,1,1,1,0,1,0,1,1,0,0,1,2899,379,3,,0.0,44,1,1,1,0,1,0,1,0,1,1180.0,skip
380,1,1,1,1,1,1,0,1,1,1,1,1,1,1,1,0,1,1,0,1,0,2907,380,2,,0.0,440,1,1,1,1,0,1,1,0,1,1160.0,skip
381,1,1,1,1,1,1,0,1,1,1,1,1,1,1,1,0,1,1,0,1,0,2915,381,2,,0.0,441,1,1,1,1,0,1,1,0,1,1200.0,skip
382,1,1,1,1,0,1,0,1,1,1,1,1,1,0,1,0,1,1,0,0,1,2922,382,2,,0.0,442,1,1,1,0,1,0,1,0,1,260.0,skip
383,1,1,1,1,0,1,0,1,1,1,1,1,1,0,1,0,1,1,0,0,1,2929,383,3,,0.0,443,1,1,1,0,1,0,1,0,1,220.0,no-action
384,1,1,1,1,0,1,0,1,1,1,1,1,1,0,1,0,1,1,0,0,1,2936,384,3,,0.0,444,1,1,1,0,1,0,1,0,1,1140.0,skip
385,1,1,1,1,0,1,0,1,1,1,1,1,1,0,1,0,1,1,0,0,1,2943,385,3,,0.0,445,1,1,1,0,1,0,1,0,1,220.0,no-action
386,1,1,1,1,0,1,0,1,1,1,1,1,1,0,1,0,1,1,0,0,1,2950,386,2,,0.0,446,1,1,1,0,1,0,1,0,1,260.0,skip
387,1,1,1,1,1,1,0,1,1,1,1,1,1,1,1,0,1,1,0,1,0,2958,387,2,,0.0,447,1,1,1,1,0,1,1,0,1,240.0,no-action
388,1,1,1,1,0,1,0,1,1,1,1,1,1,0,1,0,1,1,0,0,1,2965,388,3,,0.0,448,1,1,1,0,1,0,1,0,1,200.0,no-action
389,1,1,1,1,1,1,0,1,1,1,1,1,1,1,1,0,1,1,0,1,0,2973,389,3,,0.0,449,1,1,1,1,0,1,1,0,1,220.0,no-action
390,1,1,1,1,0,1,0,1,1,1,1,1,1,0,1,0,1,1,0,0,1,2980,390,3,,0.0,45,1,1,1,0,1,0,1,0,1,240.0,no-action
391,1,1,1,1,1,1,0,1,1,1,1,1,1,1,1,0,1,1,0,1,0,2988,391,3,,0.0,450,1,1,1,1,0,1,1,0,1,220.0,no-action
392,1,1,1,1,1,1,0,1,1,1,1,1,1,1,1,0,1,1,0,1,0,2996,392,3,,0.0,451,1,1,1,1,0,1,1,0,1,200.0,no-action
393,1,1,1,1,1,1,0,1,1,1,1,1,1,1,1,0,1,1,0,1,0,3004,393,3,,0.0,452,1,1,1,1,0,1,1,0,1,240.0,no-action
394,1,1,1,1,1,1,0,1,1,1,1,1,1,1,1,0,1,1,0,1,0,3012,394,3,,0.0,453,1,1,1,1,0,1,1,0,1,260.0,skip
395,1,1,1,1,0,1,0,1,1,1,1,1,1,0,1,0,1,1,0,0,1,3019,395,3,,0.0,454,1,1,1,0,1,0,1,0,1,4060.0,skip
396,1,1,1,1,1,1,0,1,1,1,1,1,1,1,1,0,1,1,0,1,0,3027,396,3,,0.0,455,1,1,1,1,0,1,1,0,1,4020.0,skip
397,1,1,1,1,1,1,1,1,1,1,1,1,1,1,1,1,1,1,1,0,0,3036,397,3,Inserted_Activity_resource,30.0,456,1,1,1,1,0,1,1,1,1,4060.0,skip
398,1,1,1,1,1,1,0,1,1,1,1,1,1,1,1,0,1,1,0,1,0,3044,398,3,,0.0,457,1,1,1,1,0,1,1,0,1,260.0,skip
399,1,1,1,1,0,1,0,1,1,1,1,1,1,0,1,0,1,1,0,0,1,3051,399,3,,0.0,458,1,1,1,0,1,0,1,0,1,240.0,no-action
400,1,1,1,1,0,1,0,1,1,1,1,1,1,0,1,0,1,1,0,0,1,3058,400,4,,0.0,459,1,1,1,0,1,0,1,0,1,4040.0,skip
401,1,1,1,1,0,1,0,1,1,1,1,1,1,0,1,0,1,1,0,0,1,3065,401,2,,0.0,46,1,1,1,0,1,0,1,0,1,220.0,no-action
402,1,1,1,1,0,1,0,1,1,1,1,1,1,0,1,0,1,1,0,0,1,3072,402,4,,0.0,460,1,1,1,0,1,0,1,0,1,240.0,no-action
403,1,1,1,1,0,1,0,1,1,1,1,1,1,0,1,0,1,1,0,0,1,3079,403,4,,0.0,461,1,1,1,0,1,0,1,0,1,220.0,no-action
404,1,1,1,1,1,1,0,1,1,1,1,1,1,1,1,0,1,1,0,1,0,3087,404,3,,0.0,462,1,1,1,1,0,1,1,0,1,200.0,no-action
405,1,1,1,1,1,1,0,1,1,1,1,1,1,1,1,0,1,1,0,1,0,3095,405,3,,0.0,463,1,1,1,1,0,1,1,0,1,240.0,no-action
406,1,1,1,1,0,1,0,1,1,1,1,1,1,0,1,0,1,1,0,0,1,3102,406,4,,0.0,464,1,1,1,0,1,0,1,0,1,260.0,skip
407,1,1,1,1,1,1,0,1,1,1,1,1,1,1,1,0,1,1,0,1,0,3110,407,4,,0.0,465,1,1,1,1,0,1,1,0,1,220.0,no-action
408,1,1,1,1,0,1,0,1,1,1,1,1,1,0,1,0,1,1,0,0,1,3117,408,4,,0.0,466,1,1,1,0,1,0,1,0,1,210.0,insert
409,1,1,1,1,1,1,0,1,1,1,1,1,1,1,1,0,1,1,0,1,0,3125,409,4,,0.0,467,1,1,1,1,0,1,1,0,1,220.0,no-action
410,1,1,1,1,1,1,1,1,1,1,1,1,1,1,1,1,1,1,1,0,0,3134,410,4,Inserted_Activity_resource,30.0,468,1,1,1,1,0,1,1,1,1,260.0,skip
411,1,1,1,1,1,1,0,1,1,1,1,1,1,1,1,0,1,1,0,1,0,3142,411,4,,0.0,469,1,1,1,1,0,1,1,0,1,1200.0,skip
412,1,1,1,1,1,1,0,1,1,1,1,1,1,1,1,0,1,1,0,1,0,3150,412,2,,0.0,47,1,1,1,1,0,1,1,0,1,1160.0,skip
413,1,1,1,1,0,1,0,1,1,1,1,1,1,0,1,0,1,1,0,0,1,3157,413,4,,0.0,470,1,1,1,0,1,0,1,0,1,1180.0,skip
414,1,1,1,1,1,1,0,1,1,1,1,1,1,1,1,0,1,1,0,1,0,3165,414,4,,0.0,471,1,1,1,1,0,1,1,0,1,240.0,no-action
415,1,1,1,1,1,1,0,1,1,1,1,1,1,1,1,0,1,1,0,1,0,3173,415,4,,0.0,472,1,1,1,1,0,1,1,0,1,220.0,no-action
416,1,1,1,1,1,1,0,1,1,1,1,1,1,1,1,0,1,1,0,1,0,3181,416,4,,0.0,473,1,1,1,1,0,1,1,0,1,1160.0,skip
417,1,1,1,1,1,1,0,1,1,1,1,1,1,1,1,0,1,1,0,1,0,3189,417,4,,0.0,474,1,1,1,1,0,1,1,0,1,240.0,no-action
418,1,1,1,1,0,1,0,1,1,1,1,1,1,0,1,0,1,1,0,0,1,3196,418,0,,0.0,475,1,1,1,0,1,0,1,0,1,260.0,skip
419,1,1,1,1,0,1,0,1,1,1,1,1,1,0,1,0,1,1,0,0,1,3203,419,0,,0.0,476,1,1,1,0,1,0,1,0,1,220.0,no-action
420,1,1,1,1,0,1,0,1,1,1,1,1,1,0,1,0,1,1,0,0,1,3210,420,0,,0.0,477,1,1,1,0,1,0,1,0,1,210.0,insert
421,1,1,1,1,0,1,0,1,1,1,1,1,1,0,1,0,1,1,0,0,1,3217,421,4,,0.0,478,1,1,1,0,1,0,1,0,1,220.0,no-action
422,1,1,1,1,1,1,0,1,1,1,1,1,1,1,1,0,1,1,0,1,0,3225,422,4,,0.0,479,1,1,1,1,0,1,1,0,1,260.0,skip
423,1,1,1,1,0,1,0,1,1,1,1,1,1,0,1,0,1,1,0,0,1,3232,423,3,,0.0,48,1,1,1,0,1,0,1,0,1,240.0,no-action
424,1,1,1,1,0,1,0,1,1,1,1,1,1,0,1,0,1,1,0,0,1,3239,424,0,,0.0,480,1,1,1,0,1,0,1,0,1,200.0,no-action
425,1,1,1,1,1,1,0,1,1,1,1,1,1,1,1,0,1,1,0,1,0,3247,425,0,,0.0,481,1,1,1,1,0,1,1,0,1,220.0,no-action
426,1,1,1,1,0,1,0,1,1,1,1,1,1,0,1,0,1,1,0,0,1,3254,426,0,,0.0,482,1,1,1,0,1,0,1,0,1,240.0,no-action
427,1,1,1,1,1,1,0,1,1,1,1,1,1,1,1,0,1,1,0,1,0,3262,427,0,,0.0,483,1,1,1,1,0,1,1,0,1,1180.0,skip
428,1,1,1,1,1,1,0,1,1,1,1,1,1,1,1,0,1,1,0,1,0,3270,428,0,,0.0,484,1,1,1,1,0,1,1,0,1,1160.0,skip
429,1,1,1,1,1,1,0,1,1,1,1,1,1,1,1,0,1,1,0,1,0,3278,429,0,,0.0,485,1,1,1,1,0,1,1,0,1,1200.0,skip
430,1,1,1,1,1,1,0,1,1,1,1,1,1,1,1,0,1,1,0,1,0,3286,430,0,,0.0,486,1,1,1,1,0,1,1,0,1,260.0,skip
431,1,1,1,1,1,1,0,1,1,1,1,1,1,1,1,0,1,1,0,1,0,3294,431,0,,0.0,487,1,1,1,1,0,1,1,0,1,220.0,no-action
432,1,1,1,1,1,1,0,1,1,1,1,1,1,1,1,0,1,1,0,1,0,3302,432,0,,0.0,488,1,1,1,1,0,1,1,0,1,1140.0,skip
433,1,1,1,1,1,1,0,1,1,1,1,1,1,1,1,0,1,1,0,1,0,3310,433,0,,0.0,489,1,1,1,1,0,1,1,0,1,220.0,no-action
434,1,1,1,1,1,1,0,1,1,1,1,1,1,1,1,0,1,1,0,1,0,3318,434,3,,0.0,49,1,1,1,1,0,1,1,0,1,260.0,skip
435,1,1,1,1,0,1,0,1,1,1,1,1,1,0,1,0,1,1,0,0,1,3325,435,0,,0.0,490,1,1,1,0,1,0,1,0,1,240.0,no-action
436,1,1,1,1,0,1,0,1,1,1,1,1,1,0,1,0,1,1,0,0,1,3332,436,1,,0.0,491,1,1,1,0,1,0,1,0,1,200.0,no-action
437,1,1,1,1,0,1,0,1,1,1,1,1,1,0,1,0,1,1,0,0,1,3339,437,1,,0.0,492,1,1,1,0,1,0,1,0,1,220.0,no-action
438,1,1,1,1,0,1,0,1,1,1,1,1,1,0,1,0,1,1,0,0,1,3346,438,1,,0.0,493,1,1,1,0,1,0,1,0,1,240.0,no-action
439,1,1,1,1,0,1,0,1,1,1,1,1,1,0,1,0,1,1,0,0,1,3353,439,0,,0.0,494,1,1,1,0,1,0,1,0,1,220.0,no-action
440,1,1,1,1,1,1,0,1,1,1,1,1,1,1,1,0,1,1,0,1,0,3361,440,0,,0.0,495,1,1,1,1,0,1,1,0,1,200.0,no-action
441,1,1,1,1,0,1,0,1,1,1,1,1,1,0,1,0,1,1,0,0,1,3368,441,1,,0.0,496,1,1,1,0,1,0,1,0,1,240.0,no-action
442,1,1,1,1,1,1,0,1,1,1,1,1,1,1,1,0,1,1,0,1,0,3376,442,1,,0.0,497,1,1,1,1,0,1,1,0,1,260.0,skip
443,1,1,1,1,1,1,0,1,1,1,1,1,1,1,1,0,1,1,0,1,0,3384,443,1,,0.0,498,1,1,1,1,0,1,1,0,1,1180.0,skip
444,1,1,1,1,1,1,0,1,1,1,1,1,1,1,1,0,1,1,0,1,0,3392,444,1,,0.0,499,1,1,1,1,0,1,1,0,1,1140.0,skip
445,1,1,1,1,1,1,0,1,1,1,1,1,1,1,1,0,1,1,0,1,0,3400,445,0,,0.0,5,1,1,1,1,0,1,1,0,1,1180.0,skip
446,1,1,1,1,0,1,0,1,1,1,1,1,1,0,1,0,1,1,0,0,1,3407,446,3,,0.0,50,1,1,1,0,1,0,1,0,1,260.0,skip
447,1,1,1,1,1,1,0,1,1,1,1,1,1,1,1,0,1,1,0,1,0,3415,447,1,,0.0,500,1,1,1,1,0,1,1,0,1,240.0,no-action
448,1,1,1,1,1,1,0,1,1,1,1,1,1,1,1,0,1,1,0,1,0,3423,448,1,,0.0,501,1,1,1,1,0,1,1,0,1,1160.0,skip
449,1,1,1,1,0,1,0,1,1,1,1,1,1,0,1,0,1,1,0,0,1,3430,449,1,,0.0,502,1,1,1,0,1,0,1,0,1,220.0,no-action
450,1,1,1,1,1,1,0,1,1,1,1,1,1,1,1,0,1,1,0,1,0,3438,450,1,,0.0,503,1,1,1,1,0,1,1,0,1,240.0,no-action
451,1,1,1,1,1,1,1,1,1,1,1,1,1,1,1,1,1,1,1,0,0,3447,451,1,Inserted_Activity_resource,30.0,504,1,1,1,1,0,1,1,1,1,220.0,no-action
452,1,1,1,1,1,1,0,1,1,1,1,1,1,1,1,0,1,1,0,1,0,3455,452,1,,0.0,505,1,1,1,1,0,1,1,0,1,200.0,no-action
453,1,1,1,1,0,1,0,1,1,1,1,1,1,0,1,0,1,1,0,0,1,3462,453,1,,0.0,506,1,1,1,0,1,0,1,0,1,240.0,no-action
454,1,1,1,1,0,1,0,1,1,1,1,1,1,0,1,0,1,1,0,0,1,3469,454,2,,0.0,507,1,1,1,0,1,0,1,0,1,260.0,skip
455,1,1,1,1,0,1,0,1,1,1,1,1,1,0,1,0,1,1,0,0,1,3476,455,2,,0.0,508,1,1,1,0,1,0,1,0,1,220.0,no-action
456,1,1,1,1,0,1,0,1,1,1,1,1,1,0,1,0,1,1,0,0,1,3483,456,2,,0.0,509,1,1,1,0,1,0,1,0,1,210.0,insert
457,1,1,1,1,1,1,0,1,1,1,1,1,1,1,1,0,1,1,0,1,0,3491,457,3,,0.0,51,1,1,1,1,0,1,1,0,1,220.0,no-action
458,1,1,1,1,1,1,0,1,1,1,1,1,1,1,1,0,1,1,0,1,0,3499,458,1,,0.0,510,1,1,1,1,0,1,1,0,1,260.0,skip
459,1,1,1,1,1,1,0,1,1,1,1,1,1,1,1,0,1,1,0,1,0,3507,459,1,,0.0,511,1,1,1,1,0,1,1,0,1,1200.0,skip
460,1,1,1,1,0,1,0,1,1,1,1,1,1,0,1,0,1,1,0,0,1,3514,460,2,,0.0,512,1,1,1,0,1,0,1,0,1,1160.0,skip
461,1,1,1,1,1,1,0,1,1,1,1,1,1,1,1,0,1,1,0,1,0,3522,461,2,,0.0,513,1,1,1,1,0,1,1,0,1,1180.0,skip
462,1,1,1,1,0,1,0,1,1,1,1,1,1,0,1,0,1,1,0,0,1,3529,462,2,,0.0,514,1,1,1,0,1,0,1,0,1,240.0,no-action
463,1,1,1,1,1,1,0,1,1,1,1,1,1,1,1,0,1,1,0,1,0,3537,463,2,,0.0,515,1,1,1,1,0,1,1,0,1,220.0,no-action
464,1,1,1,1,1,1,1,1,1,1,1,1,1,1,1,1,1,1,1,0,0,3546,464,2,Inserted_Activity_resource,30.0,516,1,1,1,1,0,1,1,1,1,1160.0,skip
465,1,1,1,1,1,1,0,1,1,1,1,1,1,1,1,0,1,1,0,1,0,3554,465,2,,0.0,517,1,1,1,1,0,1,1,0,1,240.0,no-action
466,1,1,1,1,0,1,0,1,1,1,1,1,1,0,1,0,1,1,0,0,1,3561,466,2,,0.0,518,1,1,1,0,1,0,1,0,1,260.0,skip
467,1,1,1,1,1,1,0,1,1,1,1,1,1,1,1,0,1,1,0,1,0,3569,467,2,,0.0,519,1,1,1,1,0,1,1,0,1,220.0,no-action
468,1,1,1,1,1,1,0,1,1,1,1,1,1,1,1,0,1,1,0,1,0,3577,468,3,,0.0,52,1,1,1,1,0,1,1,0,1,210.0,insert
469,1,1,1,1,1,1,0,1,1,1,1,1,1,1,1,0,1,1,0,1,0,3585,469,2,,0.0,520,1,1,1,1,0,1,1,0,1,220.0,no-action
470,1,1,1,1,1,1,0,1,1,1,1,1,1,1,1,0,1,1,0,1,0,3593,470,2,,0.0,521,1,1,1,1,0,1,1,0,1,260.0,skip
471,1,1,1,1,1,1,0,1,1,1,1,1,1,1,1,0,1,1,0,1,0,3601,471,2,,0.0,522,1,1,1,1,0,1,1,0,1,240.0,no-action
472,1,1,1,1,0,1,0,1,1,1,1,1,1,0,1,0,1,1,0,0,1,3608,472,3,,0.0,523,1,1,1,0,1,0,1,0,1,200.0,no-action
473,1,1,1,1,0,1,0,1,1,1,1,1,1,0,1,0,1,1,0,0,1,3615,473,3,,0.0,524,1,1,1,0,1,0,1,0,1,220.0,no-action
474,1,1,1,1,0,1,0,1,1,1,1,1,1,0,1,0,1,1,0,0,1,3622,474,3,,0.0,525,1,1,1,0,1,0,1,0,1,240.0,no-action
475,1,1,1,1,0,1,0,1,1,1,1,1,1,0,1,0,1,1,0,0,1,3629,475,2,,0.0,526,1,1,1,0,1,0,1,0,1,4060.0,skip
476,1,1,1,1,1,1,0,1,1,1,1,1,1,1,1,0,1,1,0,1,0,3637,476,2,,0.0,527,1,1,1,1,0,1,1,0,1,4040.0,skip
477,1,1,1,1,0,1,0,1,1,1,1,1,1,0,1,0,1,1,0,0,1,3644,477,3,,0.0,528,1,1,1,0,1,0,1,0,1,4080.0,skip
478,1,1,1,1,1,1,0,1,1,1,1,1,1,1,1,0,1,1,0,1,0,3652,478,3,,0.0,529,1,1,1,1,0,1,1,0,1,260.0,skip
479,1,1,1,1,1,1,0,1,1,1,1,1,1,1,1,0,1,1,0,1,0,3660,479,3,,0.0,53,1,1,1,1,0,1,1,0,1,220.0,no-action
480,1,1,1,1,0,1,0,1,1,1,1,1,1,0,1,0,1,1,0,0,1,3667,480,3,,0.0,530,1,1,1,0,1,0,1,0,1,4020.0,skip
481,1,1,1,1,1,1,0,1,1,1,1,1,1,1,1,0,1,1,0,1,0,3675,481,3,,0.0,531,1,1,1,1,0,1,1,0,1,220.0,no-action
482,1,1,1,1,1,1,0,1,1,1,1,1,1,1,1,0,1,1,0,1,0,3683,482,3,,0.0,532,1,1,1,1,0,1,1,0,1,260.0,skip
483,1,1,1,1,1,1,0,1,1,1,1,1,1,1,1,0,1,1,0,1,0,3691,483,3,,0.0,533,1,1,1,1,0,1,1,0,1,240.0,no-action
484,1,1,1,1,1,1,0,1,1,1,1,1,1,1,1,0,1,1,0,1,0,3699,484,3,,0.0,534,1,1,1,1,0,1,1,0,1,200.0,no-action
485,1,1,1,1,1,1,0,1,1,1,1,1,1,1,1,0,1,1,0,1,0,3707,485,3,,0.0,535,1,1,1,1,0,1,1,0,1,220.0,no-action
486,1,1,1,1,1,1,0,1,1,1,1,1,1,1,1,0,1,1,0,1,0,3715,486,3,,0.0,536,1,1,1,1,0,1,1,0,1,240.0,no-action
487,1,1,1,1,1,1,0,1,1,1,1,1,1,1,1,0,1,1,0,1,0,3723,487,3,,0.0,537,1,1,1,1,0,1,1,0,1,220.0,no-action
488,1,1,1,1,0,1,0,1,1,1,1,1,1,0,1,0,1,1,0,0,1,3730,488,3,,0.0,538,1,1,1,0,1,0,1,0,1,200.0,no-action
489,1,1,1,1,0,1,0,1,1,1,1,1,1,0,1,0,1,1,0,0,1,3737,489,4,,0.0,539,1,1,1,0,1,0,1,0,1,240.0,no-action
490,1,1,1,1,1,1,0,1,1,1,1,1,1,1,1,0,1,1,0,1,0,3745,490,3,,0.0,54,1,1,1,1,0,1,1,0,1,260.0,skip
491,1,1,1,1,0,1,0,1,1,1,1,1,1,0,1,0,1,1,0,0,1,3752,491,4,,0.0,540,1,1,1,0,1,0,1,0,1,1180.0,skip
492,1,1,1,1,0,1,0,1,1,1,1,1,1,0,1,0,1,1,0,0,1,3759,492,4,,0.0,541,1,1,1,0,1,0,1,0,1,1140.0,skip
493,1,1,1,1,0,1,0,1,1,1,1,1,1,0,1,0,1,1,0,0,1,3766,493,3,,0.0,542,1,1,1,0,1,0,1,0,1,1180.0,skip
494,1,1,1,1,1,1,0,1,1,1,1,1,1,1,1,0,1,1,0,1,0,3774,494,3,,0.0,543,1,1,1,1,0,1,1,0,1,260.0,skip
495,1,1,1,1,0,1,0,1,1,1,1,1,1,0,1,0,1,1,0,0,1,3781,495,4,,0.0,544,1,1,1,0,1,0,1,0,1,240.0,no-action
496,1,1,1,1,1,1,0,1,1,1,1,1,1,1,1,0,1,1,0,1,0,3789,496,4,,0.0,545,1,1,1,1,0,1,1,0,1,1160.0,skip
497,1,1,1,1,1,1,0,1,1,1,1,1,1,1,1,0,1,1,0,1,0,3797,497,4,,0.0,546,1,1,1,1,0,1,1,0,1,220.0,no-action
498,1,1,1,1,1,1,0,1,1,1,1,1,1,1,1,0,1,1,0,1,0,3805,498,4,,0.0,547,1,1,1,1,0,1,1,0,1,240.0,no-action
499,1,1,1,1,1,1,0,1,1,1,1,1,1,1,1,0,1,1,0,1,0,3813,499,4,,0.0,548,1,1,1,1,0,1,1,0,1,220.0,no-action
500,1,1,1,1,1,1,0,1,1,1,1,1,1,1,1,0,1,1,0,1,0,3821,500,4,,0.0,549,1,1,1,1,0,1,1,0,1,200.0,no-action
501,1,1,1,1,1,1,0,1,1,1,1,1,1,1,1,0,1,1,0,1,0,3829,501,3,,0.0,55,1,1,1,1,0,1,1,0,1,240.0,no-action
502,1,1,1,1,0,1,0,1,1,1,1,1,1,0,1,0,1,1,0,0,1,3836,502,4,,0.0,550,1,1,1,0,1,0,1,0,1,260.0,skip
503,1,1,1,1,1,1,0,1,1,1,1,1,1,1,1,0,1,1,0,1,0,3844,503,4,,0.0,551,1,1,1,1,0,1,1,0,1,220.0,no-action
504,1,1,1,1,1,1,1,1,1,1,1,1,1,1,1,1,1,1,1,0,0,3853,504,4,Inserted_Activity_resource,30.0,552,1,1,1,1,0,1,1,1,1,210.0,insert
505,1,1,1,1,1,1,0,1,1,1,1,1,1,1,1,0,1,1,0,1,0,3861,505,4,,0.0,553,1,1,1,1,0,1,1,0,1,220.0,no-action
506,1,1,1,1,0,1,0,1,1,1,1,1,1,0,1,0,1,1,0,0,1,3868,506,4,,0.0,554,1,1,1,0,1,0,1,0,1,260.0,skip
507,1,1,1,1,0,1,0,1,1,1,1,1,1,0,1,0,1,1,0,0,1,3875,507,0,,0.0,555,1,1,1,0,1,0,1,0,1,1200.0,skip
508,1,1,1,1,0,1,0,1,1,1,1,1,1,0,1,0,1,1,0,0,1,3882,508,0,,0.0,556,1,1,1,0,1,0,1,0,1,1160.0,skip
509,1,1,1,1,0,1,0,1,1,1,1,1,1,0,1,0,1,1,0,0,1,3889,509,0,,0.0,557,1,1,1,0,1,0,1,0,1,1180.0,skip
510,1,1,1,1,1,1,0,1,1,1,1,1,1,1,1,0,1,1,0,1,0,3897,510,4,,0.0,558,1,1,1,1,0,1,1,0,1,240.0,no-action
511,1,1,1,1,1,1,0,1,1,1,1,1,1,1,1,0,1,1,0,1,0,3905,511,4,,0.0,559,1,1,1,1,0,1,1,0,1,220.0,no-action
512,1,1,1,1,1,1,0,1,1,1,1,1,1,1,1,0,1,1,0,1,0,3913,512,3,,0.0,56,1,1,1,1,0,1,1,0,1,1160.0,skip
513,1,1,1,1,0,1,0,1,1,1,1,1,1,0,1,0,1,1,0,0,1,3920,513,0,,0.0,560,1,1,1,0,1,0,1,0,1,240.0,no-action
514,1,1,1,1,1,1,0,1,1,1,1,1,1,1,1,0,1,1,0,1,0,3928,514,0,,0.0,561,1,1,1,1,0,1,1,0,1,260.0,skip
515,1,1,1,1,0,1,0,1,1,1,1,1,1,0,1,0,1,1,0,0,1,3935,515,0,,0.0,562,1,1,1,0,1,0,1,0,1,220.0,no-action
516,1,1,1,1,1,1,0,1,1,1,1,1,1,1,1,0,1,1,0,1,0,3943,516,0,,0.0,563,1,1,1,1,0,1,1,0,1,210.0,insert
517,1,1,1,1,1,1,1,1,1,1,1,1,1,1,1,1,1,1,1,0,0,3952,517,0,Inserted_Activity_resource,30.0,564,1,1,1,1,0,1,1,1,1,220.0,no-action
518,1,1,1,1,1,1,0,1,1,1,1,1,1,1,1,0,1,1,0,1,0,3960,518,0,,0.0,565,1,1,1,1,0,1,1,0,1,260.0,skip
519,1,1,1,1,0,1,0,1,1,1,1,1,1,0,1,0,1,1,0,0,1,3967,519,0,,0.0,566,1,1,1,0,1,0,1,0,1,240.0,no-action
520,1,1,1,1,1,1,0,1,1,1,1,1,1,1,1,0,1,1,0,1,0,3975,520,0,,0.0,567,1,1,1,1,0,1,1,0,1,200.0,no-action
521,1,1,1,1,1,1,0,1,1,1,1,1,1,1,1,0,1,1,0,1,0,3983,521,0,,0.0,568,1,1,1,1,0,1,1,0,1,220.0,no-action
522,1,1,1,1,1,1,0,1,1,1,1,1,1,1,1,0,1,1,0,1,0,3991,522,0,,0.0,569,1,1,1,1,0,1,1,0,1,240.0,no-action
523,1,1,1,1,1,1,0,1,1,1,1,1,1,1,1,0,1,1,0,1,0,3999,523,3,,0.0,57,1,1,1,1,0,1,1,0,1,1180.0,skip
524,1,1,1,1,1,1,0,1,1,1,1,1,1,1,1,0,1,1,0,1,0,4007,524,0,,0.0,570,1,1,1,1,0,1,1,0,1,1160.0,skip
525,1,1,1,1,0,1,0,1,1,1,1,1,1,0,1,0,1,1,0,0,1,4014,525,1,,0.0,571,1,1,1,0,1,0,1,0,1,1200.0,skip
526,1,1,1,1,0,1,0,1,1,1,1,1,1,0,1,0,1,1,0,0,1,4021,526,1,,0.0,572,1,1,1,0,1,0,1,0,1,260.0,skip
527,1,1,1,1,0,1,0,1,1,1,1,1,1,0,1,0,1,1,0,0,1,4028,527,1,,0.0,573,1,1,1,0,1,0,1,0,1,220.0,no-action
528,1,1,1,1,0,1,0,1,1,1,1,1,1,0,1,0,1,1,0,0,1,4035,528,0,,0.0,574,1,1,1,0,1,0,1,0,1,1140.0,skip
529,1,1,1,1,1,1,0,1,1,1,1,1,1,1,1,0,1,1,0,1,0,4043,529,0,,0.0,575,1,1,1,1,0,1,1,0,1,220.0,no-action
530,1,1,1,1,0,1,0,1,1,1,1,1,1,0,1,0,1,1,0,0,1,4050,530,1,,0.0,576,1,1,1,0,1,0,1,0,1,260.0,skip
531,1,1,1,1,1,1,0,1,1,1,1,1,1,1,1,0,1,1,0,1,0,4058,531,1,,0.0,577,1,1,1,1,0,1,1,0,1,240.0,no-action
532,1,1,1,1,0,1,0,1,1,1,1,1,1,0,1,0,1,1,0,0,1,4065,532,1,,0.0,578,1,1,1,0,1,0,1,0,1,200.0,no-action
533,1,1,1,1,1,1,0,1,1,1,1,1,1,1,1,0,1,1,0,1,0,4073,533,1,,0.0,579,1,1,1,1,0,1,1,0,1,220.0,no-action
534,1,1,1,1,0,1,0,1,1,1,1,1,1,0,1,0,1,1,0,0,1,4080,534,3,,0.0,58,1,1,1,0,1,0,1,0,1,240.0,no-action
535,1,1,1,1,1,1,0,1,1,1,1,1,1,1,1,0,1,1,0,1,0,4088,535,1,,0.0,580,1,1,1,1,0,1,1,0,1,220.0,no-action
536,1,1,1,1,1,1,0,1,1,1,1,1,1,1,1,0,1,1,0,1,0,4096,536,1,,0.0,581,1,1,1,1,0,1,1,0,1,200.0,no-action
537,1,1,1,1,1,1,0,1,1,1,1,1,1,1,1,0,1,1,0,1,0,4104,537,1,,0.0,582,1,1,1,1,0,1,1,0,1,240.0,no-action
538,1,1,1,1,1,1,0,1,1,1,1,1,1,1,1,0,1,1,0,1,0,4112,538,1,,0.0,583,1,1,1,1,0,1,1,0,1,260.0,skip
539,1,1,1,1,1,1,0,1,1,1,1,1,1,1,1,0,1,1,0,1,0,4120,539,1,,0.0,584,1,1,1,1,0,1,1,0,1,1180.0,skip
540,1,1,1,1,1,1,0,1,1,1,1,1,1,1,1,0,1,1,0,1,0,4128,540,1,,0.0,585,1,1,1,1,0,1,1,0,1,1140.0,skip
541,1,1,1,1,0,1,0,1,1,1,1,1,1,0,1,0,1,1,0,0,1,4135,541,1,,0.0,586,1,1,1,0,1,0,1,0,1,1180.0,skip
542,1,1,1,1,0,1,0,1,1,1,1,1,1,0,1,0,1,1,0,0,1,4142,542,2,,0.0,587,1,1,1,0,1,0,1,0,1,260.0,skip
543,1,1,1,1,0,1,0,1,1,1,1,1,1,0,1,0,1,1,0,0,1,4149,543,2,,0.0,588,1,1,1,0,1,0,1,0,1,240.0,no-action
544,1,1,1,1,0,1,0,1,1,1,1,1,1,0,1,0,1,1,0,0,1,4156,544,2,,0.0,589,1,1,1,0,1,0,1,0,1,1160.0,skip
545,1,1,1,1,0,1,0,1,1,1,1,1,1,0,1,0,1,1,0,0,1,4163,545,4,,0.0,59,1,1,1,0,1,0,1,0,1,220.0,no-action
546,1,1,1,1,0,1,0,1,1,1,1,1,1,0,1,0,1,1,0,0,1,4170,546,1,,0.0,590,1,1,1,0,1,0,1,0,1,240.0,no-action
547,1,1,1,1,1,1,0,1,1,1,1,1,1,1,1,0,1,1,0,1,0,4178,547,1,,0.0,591,1,1,1,1,0,1,1,0,1,220.0,no-action
548,1,1,1,1,0,1,0,1,1,1,1,1,1,0,1,0,1,1,0,0,1,4185,548,2,,0.0,592,1,1,1,0,1,0,1,0,1,200.0,no-action
549,1,1,1,1,1,1,0,1,1,1,1,1,1,1,1,0,1,1,0,1,0,4193,549,2,,0.0,593,1,1,1,1,0,1,1,0,1,240.0,no-action
550,1,1,1,1,1,1,0,1,1,1,1,1,1,1,1,0,1,1,0,1,0,4201,550,2,,0.0,594,1,1,1,1,0,1,1,0,1,260.0,skip
551,1,1,1,1,1,1,0,1,1,1,1,1,1,1,1,0,1,1,0,1,0,4209,551,2,,0.0,595,1,1,1,1,0,1,1,0,1,220.0,no-action
552,1,1,1,1,1,1,0,1,1,1,1,1,1,1,1,0,1,1,0,1,0,4217,552,2,,0.0,596,1,1,1,1,0,1,1,0,1,210.0,insert
553,1,1,1,1,1,1,0,1,1,1,1,1,1,1,1,0,1,1,0,1,0,4225,553,2,,0.0,597,1,1,1,1,0,1,1,0,1,220.0,no-action
554,1,1,1,1,0,1,0,1,1,1,1,1,1,0,1,0,1,1,0,0,1,4232,554,2,,0.0,598,1,1,1,0,1,0,1,0,1,260.0,skip
555,1,1,1,1,1,1,0,1,1,1,1,1,1,1,1,0,1,1,0,1,0,4240,555,2,,0.0,599,1,1,1,1,0,1,1,0,1,4080.0,skip
556,1,1,1,1,1,1,0,1,1,1,1,1,1,1,1,0,1,1,0,1,0,4248,556,0,,0.0,6,1,1,1,1,0,1,1,0,1,4040.0,skip
557,1,1,1,1,0,1,0,1,1,1,1,1,1,0,1,0,1,1,0,0,1,4255,557,4,,0.0,60,1,1,1,0,1,0,1,0,1,4060.0,skip
558,1,1,1,1,1,1,1,1,1,1,1,1,1,1,1,1,1,1,1,0,0,4264,558,2,Inserted_Activity_resource,30.0,600,1,1,1,1,0,1,1,1,1,240.0,no-action
559,1,1,1,1,1,1,0,1,1,1,1,1,1,1,1,0,1,1,0,1,0,4272,559,2,,0.0,601,1,1,1,1,0,1,1,0,1,220.0,no-action
560,1,1,1,1,0,1,0,1,1,1,1,1,1,0,1,0,1,1,0,0,1,4279,560,2,,0.0,602,1,1,1,0,1,0,1,0,1,4040.0,skip
561,1,1,1,1,0,1,0,1,1,1,1,1,1,0,1,0,1,1,0,0,1,4286,561,3,,0.0,603,1,1,1,0,1,0,1,0,1,240.0,no-action
562,1,1,1,1,0,1,0,1,1,1,1,1,1,0,1,0,1,1,0,0,1,4293,562,3,,0.0,604,1,1,1,0,1,0,1,0,1,260.0,skip
563,1,1,1,1,0,1,0,1,1,1,1,1,1,0,1,0,1,1,0,0,1,4300,563,3,,0.0,605,1,1,1,0,1,0,1,0,1,220.0,no-action
564,1,1,1,1,1,1,0,1,1,1,1,1,1,1,1,0,1,1,0,1,0,4308,564,2,,0.0,606,1,1,1,1,0,1,1,0,1,210.0,insert
565,1,1,1,1,1,1,0,1,1,1,1,1,1,1,1,0,1,1,0,1,0,4316,565,2,,0.0,607,1,1,1,1,0,1,1,0,1,220.0,no-action
566,1,1,1,1,0,1,0,1,1,1,1,1,1,0,1,0,1,1,0,0,1,4323,566,3,,0.0,608,1,1,1,0,1,0,1,0,1,260.0,skip
567,1,1,1,1,1,1,0,1,1,1,1,1,1,1,1,0,1,1,0,1,0,4331,567,3,,0.0,609,1,1,1,1,0,1,1,0,1,240.0,no-action
568,1,1,1,1,0,1,0,1,1,1,1,1,1,0,1,0,1,1,0,0,1,4338,568,4,,0.0,61,1,1,1,0,1,0,1,0,1,200.0,no-action
569,1,1,1,1,0,1,0,1,1,1,1,1,1,0,1,0,1,1,0,0,1,4345,569,3,,0.0,610,1,1,1,0,1,0,1,0,1,220.0,no-action
570,1,1,1,1,1,1,0,1,1,1,1,1,1,1,1,0,1,1,0,1,0,4353,570,3,,0.0,611,1,1,1,1,0,1,1,0,1,240.0,no-action
571,1,1,1,1,1,1,1,1,1,1,1,1,1,1,1,1,1,1,1,0,0,4362,571,3,Inserted_Activity_resource,30.0,612,1,1,1,1,0,1,1,1,1,1180.0,skip
572,1,1,1,1,1,1,0,1,1,1,1,1,1,1,1,0,1,1,0,1,0,4370,572,3,,0.0,613,1,1,1,1,0,1,1,0,1,1160.0,skip
573,1,1,1,1,0,1,0,1,1,1,1,1,1,0,1,0,1,1,0,0,1,4377,573,3,,0.0,614,1,1,1,0,1,0,1,0,1,1200.0,skip
574,1,1,1,1,1,1,0,1,1,1,1,1,1,1,1,0,1,1,0,1,0,4385,574,3,,0.0,615,1,1,1,1,0,1,1,0,1,260.0,skip
575,1,1,1,1,1,1,0,1,1,1,1,1,1,1,1,0,1,1,0,1,0,4393,575,3,,0.0,616,1,1,1,1,0,1,1,0,1,220.0,no-action
576,1,1,1,1,1,1,0,1,1,1,1,1,1,1,1,0,1,1,0,1,0,4401,576,3,,0.0,617,1,1,1,1,0,1,1,0,1,1140.0,skip
577,1,1,1,1,1,1,0,1,1,1,1,1,1,1,1,0,1,1,0,1,0,4409,577,3,,0.0,618,1,1,1,1,0,1,1,0,1,220.0,no-action
578,1,1,1,1,0,1,0,1,1,1,1,1,1,0,1,0,1,1,0,0,1,4416,578,4,,0.0,619,1,1,1,0,1,0,1,0,1,260.0,skip
579,1,1,1,1,0,1,0,1,1,1,1,1,1,0,1,0,1,1,0,0,1,4423,579,3,,0.0,62,1,1,1,0,1,0,1,0,1,240.0,no-action
580,1,1,1,1,0,1,0,1,1,1,1,1,1,0,1,0,1,1,0,0,1,4430,580,4,,0.0,620,1,1,1,0,1,0,1,0,1,200.0,no-action
581,1,1,1,1,0,1,0,1,1,1,1,1,1,0,1,0,1,1,0,0,1,4437,581,4,,0.0,621,1,1,1,0,1,0,1,0,1,220.0,no-action
582,1,1,1,1,0,1,0,1,1,1,1,1,1,0,1,0,1,1,0,0,1,4444,582,3,,0.0,622,1,1,1,0,1,0,1,0,1,240.0,no-action
583,1,1,1,1,1,1,0,1,1,1,1,1,1,1,1,0,1,1,0,1,0,4452,583,3,,0.0,623,1,1,1,1,0,1,1,0,1,220.0,no-action
584,1,1,1,1,0,1,0,1,1,1,1,1,1,0,1,0,1,1,0,0,1,4459,584,4,,0.0,624,1,1,1,0,1,0,1,0,1,200.0,no-action
585,1,1,1,1,1,1,0,1,1,1,1,1,1,1,1,0,1,1,0,1,0,4467,585,4,,0.0,625,1,1,1,1,0,1,1,0,1,240.0,no-action
586,1,1,1,1,0,1,0,1,1,1,1,1,1,0,1,0,1,1,0,0,1,4474,586,4,,0.0,626,1,1,1,0,1,0,1,0,1,260.0,skip
587,1,1,1,1,1,1,0,1,1,1,1,1,1,1,1,0,1,1,0,1,0,4482,587,4,,0.0,627,1,1,1,1,0,1,1,0,1,1180.0,skip
588,1,1,1,1,1,1,0,1,1,1,1,1,1,1,1,0,1,1,0,1,0,4490,588,4,,0.0,628,1,1,1,1,0,1,1,0,1,1140.0,skip
589,1,1,1,1,1,1,0,1,1,1,1,1,1,1,1,0,1,1,0,1,0,4498,589,4,,0.0,629,1,1,1,1,0,1,1,0,1,1180.0,skip
590,1,1,1,1,1,1,0,1,1,1,1,1,1,1,1,0,1,1,0,1,0,4506,590,3,,0.0,63,1,1,1,1,0,1,1,0,1,260.0,skip
591,1,1,1,1,1,1,0,1,1,1,1,1,1,1,1,0,1,1,0,1,0,4514,591,4,,0.0,630,1,1,1,1,0,1,1,0,1,240.0,no-action
592,1,1,1,1,1,1,0,1,1,1,1,1,1,1,1,0,1,1,0,1,0,4522,592,4,,0.0,631,1,1,1,1,0,1,1,0,1,1160.0,skip
593,1,1,1,1,1,1,0,1,1,1,1,1,1,1,1,0,1,1,0,1,0,4530,593,4,,0.0,632,1,1,1,1,0,1,1,0,1,220.0,no-action
594,1,1,1,1,1,1,0,1,1,1,1,1,1,1,1,0,1,1,0,1,0,4538,594,4,,0.0,633,1,1,1,1,0,1,1,0,1,240.0,no-action
595,1,1,1,1,0,1,0,1,1,1,1,1,1,0,1,0,1,1,0,0,1,4545,595,4,,0.0,634,1,1,1,0,1,0,1,0,1,220.0,no-action
596,1,1,1,1,0,1,0,1,1,1,1,1,1,0,1,0,1,1,0,0,1,4552,596,0,,0.0,635,1,1,1,0,1,0,1,0,1,200.0,no-action
597,1,1,1,1,0,1,0,1,1,1,1,1,1,0,1,0,1,1,0,0,1,4559,597,0,,0.0,636,1,1,1,0,1,0,1,0,1,240.0,no-action
598,1,1,1,1,0,1,0,1,1,1,1,1,1,0,1,0,1,1,0,0,1,4566,598,0,,0.0,637,1,1,1,0,1,0,1,0,1,260.0,skip
599,1,1,1,1,0,1,0,1,1,1,1,1,1,0,1,0,1,1,0,0,1,4573,599,4,,0.0,638,1,1,1,0,1,0,1,0,1,220.0,no-action
600,1,1,1,1,1,1,0,1,1,1,1,1,1,1,1,0,1,1,0,1,0,4581,600,4,,0.0,639,1,1,1,1,0,1,1,0,1,210.0,insert
601,1,1,1,1,0,1,0,1,1,1,1,1,1,0,1,0,1,1,0,0,1,4588,601,4,,0.0,64,1,1,1,0,1,0,1,0,1,220.0,no-action
602,1,1,1,1,0,1,0,1,1,1,1,1,1,0,1,0,1,1,0,0,1,4595,602,0,,0.0,640,1,1,1,0,1,0,1,0,1,260.0,skip
603,1,1,1,1,1,1,0,1,1,1,1,1,1,1,1,0,1,1,0,1,0,4603,603,0,,0.0,641,1,1,1,1,0,1,1,0,1,1200.0,skip
604,1,1,1,1,1,1,0,1,1,1,1,1,1,1,1,0,1,1,0,1,0,4611,604,0,,0.0,642,1,1,1,1,0,1,1,0,1,1160.0,skip
605,1,1,1,1,1,1,0,1,1,1,1,1,1,1,1,0,1,1,0,1,0,4619,605,0,,0.0,643,1,1,1,1,0,1,1,0,1,1180.0,skip
606,1,1,1,1,1,1,0,1,1,1,1,1,1,1,1,0,1,1,0,1,0,4627,606,0,,0.0,644,1,1,1,1,0,1,1,0,1,240.0,no-action
607,1,1,1,1,1,1,0,1,1,1,1,1,1,1,1,0,1,1,0,1,0,4635,607,0,,0.0,645,1,1,1,1,0,1,1,0,1,220.0,no-action
608,1,1,1,1,0,1,0,1,1,1,1,1,1,0,1,0,1,1,0,0,1,4642,608,0,,0.0,646,1,1,1,0,1,0,1,0,1,1160.0,skip
609,1,1,1,1,1,1,0,1,1,1,1,1,1,1,1,0,1,1,0,1,0,4650,609,0,,0.0,647,1,1,1,1,0,1,1,0,1,240.0,no-action
610,1,1,1,1,1,1,1,1,1,1,1,1,1,1,1,1,1,1,1,0,0,4659,610,0,Inserted_Activity_resource,30.0,648,1,1,1,1,0,1,1,1,1,260.0,skip
611,1,1,1,1,1,1,0,1,1,1,1,1,1,1,1,0,1,1,0,1,0,4667,611,0,,0.0,649,1,1,1,1,0,1,1,0,1,220.0,no-action
612,1,1,1,1,1,1,0,1,1,1,1,1,1,1,1,0,1,1,0,1,0,4675,612,4,,0.0,65,1,1,1,1,0,1,1,0,1,210.0,insert
613,1,1,1,1,0,1,0,1,1,1,1,1,1,0,1,0,1,1,0,0,1,4682,613,0,,0.0,650,1,1,1,0,1,0,1,0,1,220.0,no-action
614,1,1,1,1,0,1,0,1,1,1,1,1,1,0,1,0,1,1,0,0,1,4689,614,1,,0.0,651,1,1,1,0,1,0,1,0,1,260.0,skip
615,1,1,1,1,0,1,0,1,1,1,1,1,1,0,1,0,1,1,0,0,1,4696,615,1,,0.0,652,1,1,1,0,1,0,1,0,1,240.0,no-action
616,1,1,1,1,0,1,0,1,1,1,1,1,1,0,1,0,1,1,0,0,1,4703,616,1,,0.0,653,1,1,1,0,1,0,1,0,1,200.0,no-action
617,1,1,1,1,1,1,0,1,1,1,1,1,1,1,1,0,1,1,0,1,0,4711,617,0,,0.0,654,1,1,1,1,0,1,1,0,1,220.0,no-action
618,1,1,1,1,1,1,0,1,1,1,1,1,1,1,1,0,1,1,0,1,0,4719,618,0,,0.0,655,1,1,1,1,0,1,1,0,1,240.0,no-action
619,1,1,1,1,0,1,0,1,1,1,1,1,1,0,1,0,1,1,0,0,1,4726,619,1,,0.0,656,1,1,1,0,1,0,1,0,1,1180.0,skip
620,1,1,1,1,1,1,0,1,1,1,1,1,1,1,1,0,1,1,0,1,0,4734,620,1,,0.0,657,1,1,1,1,0,1,1,0,1,1160.0,skip
621,1,1,1,1,0,1,0,1,1,1,1,1,1,0,1,0,1,1,0,0,1,4741,621,1,,0.0,658,1,1,1,0,1,0,1,0,1,1200.0,skip
622,1,1,1,1,1,1,0,1,1,1,1,1,1,1,1,0,1,1,0,1,0,4749,622,1,,0.0,659,1,1,1,1,0,1,1,0,1,260.0,skip
623,1,1,1,1,1,1,0,1,1,1,1,1,1,1,1,0,1,1,0,1,0,4757,623,4,,0.0,66,1,1,1,1,0,1,1,0,1,220.0,no-action
624,1,1,1,1,1,1,1,1,1,1,1,1,1,1,1,1,1,1,1,0,0,4766,624,1,Inserted_Activity_resource,30.0,660,1,1,1,1,0,1,1,1,1,1140.0,skip
625,1,1,1,1,1,1,0,1,1,1,1,1,1,1,1,0,1,1,0,1,0,4774,625,1,,0.0,661,1,1,1,1,0,1,1,0,1,220.0,no-action
626,1,1,1,1,0,1,0,1,1,1,1,1,1,0,1,0,1,1,0,0,1,4781,626,1,,0.0,662,1,1,1,0,1,0,1,0,1,260.0,skip
627,1,1,1,1,1,1,0,1,1,1,1,1,1,1,1,0,1,1,0,1,0,4789,627,1,,0.0,663,1,1,1,1,0,1,1,0,1,240.0,no-action
628,1,1,1,1,1,1,0,1,1,1,1,1,1,1,1,0,1,1,0,1,0,4797,628,1,,0.0,664,1,1,1,1,0,1,1,0,1,200.0,no-action
629,1,1,1,1,1,1,0,1,1,1,1,1,1,1,1,0,1,1,0,1,0,4805,629,1,,0.0,665,1,1,1,1,0,1,1,0,1,220.0,no-action
630,1,1,1,1,1,1,0,1,1,1,1,1,1,1,1,0,1,1,0,1,0,4813,630,1,,0.0,666,1,1,1,1,0,1,1,0,1,240.0,no-action
631,1,1,1,1,0,1,0,1,1,1,1,1,1,0,1,0,1,1,0,0,1,4820,631,2,,0.0,667,1,1,1,0,1,0,1,0,1,220.0,no-action
632,1,1,1,1,0,1,0,1,1,1,1,1,1,0,1,0,1,1,0,0,1,4827,632,2,,0.0,668,1,1,1,0,1,0,1,0,1,200.0,no-action
633,1,1,1,1,0,1,0,1,1,1,1,1,1,0,1,0,1,1,0,0,1,4834,633,2,,0.0,669,1,1,1,0,1,0,1,0,1,240.0,no-action
634,1,1,1,1,1,1,0,1,1,1,1,1,1,1,1,0,1,1,0,1,0,4842,634,4,,0.0,67,1,1,1,1,0,1,1,0,1,260.0,skip
635,1,1,1,1,0,1,0,1,1,1,1,1,1,0,1,0,1,1,0,0,1,4849,635,1,,0.0,670,1,1,1,0,1,0,1,0,1,4060.0,skip
636,1,1,1,1,1,1,0,1,1,1,1,1,1,1,1,0,1,1,0,1,0,4857,636,1,,0.0,671,1,1,1,1,0,1,1,0,1,4020.0,skip
637,1,1,1,1,0,1,0,1,1,1,1,1,1,0,1,0,1,1,0,0,1,4864,637,2,,0.0,672,1,1,1,0,1,0,1,0,1,4060.0,skip
638,1,1,1,1,1,1,0,1,1,1,1,1,1,1,1,0,1,1,0,1,0,4872,638,2,,0.0,673,1,1,1,1,0,1,1,0,1,260.0,skip
639,1,1,1,1,0,1,0,1,1,1,1,1,1,0,1,0,1,1,0,0,1,4879,639,2,,0.0,674,1,1,1,0,1,0,1,0,1,240.0,no-action
640,1,1,1,1,1,1,0,1,1,1,1,1,1,1,1,0,1,1,0,1,0,4887,640,2,,0.0,675,1,1,1,1,0,1,1,0,1,4040.0,skip
641,1,1,1,1,1,1,0,1,1,1,1,1,1,1,1,0,1,1,0,1,0,4895,641,2,,0.0,676,1,1,1,1,0,1,1,0,1,220.0,no-action
642,1,1,1,1,1,1,0,1,1,1,1,1,1,1,1,0,1,1,0,1,0,4903,642,2,,0.0,677,1,1,1,1,0,1,1,0,1,240.0,no-action
643,1,1,1,1,1,1,0,1,1,1,1,1,1,1,1,0,1,1,0,1,0,4911,643,2,,0.0,678,1,1,1,1,0,1,1,0,1,220.0,no-action
644,1,1,1,1,1,1,0,1,1,1,1,1,1,1,1,0,1,1,0,1,0,4919,644,2,,0.0,679,1,1,1,1,0,1,1,0,1,200.0,no-action
645,1,1,1,1,1,1,0,1,1,1,1,1,1,1,1,0,1,1,0,1,0,4927,645,4,,0.0,68,1,1,1,1,0,1,1,0,1,240.0,no-action
646,1,1,1,1,1,1,0,1,1,1,1,1,1,1,1,0,1,1,0,1,0,4935,646,2,,0.0,680,1,1,1,1,0,1,1,0,1,260.0,skip
647,1,1,1,1,1,1,0,1,1,1,1,1,1,1,1,0,1,1,0,1,0,4943,647,2,,0.0,681,1,1,1,1,0,1,1,0,1,220.0,no-action
648,1,1,1,1,0,1,0,1,1,1,1,1,1,0,1,0,1,1,0,0,1,4950,648,2,,0.0,682,1,1,1,0,1,0,1,0,1,210.0,insert
649,1,1,1,1,0,1,0,1,1,1,1,1,1,0,1,0,1,1,0,0,1,4957,649,3,,0.0,683,1,1,1,0,1,0,1,0,1,220.0,no-action
650,1,1,1,1,0,1,0,1,1,1,1,1,1,0,1,0,1,1,0,0,1,4964,650,3,,0.0,684,1,1,1,0,1,0,1,0,1,260.0,skip
651,1,1,1,1,0,1,0,1,1,1,1,1,1,0,1,0,1,1,0,0,1,4971,651,3,,0.0,685,1,1,1,0,1,0,1,0,1,1200.0,skip
652,1,1,1,1,0,1,0,1,1,1,1,1,1,0,1,0,1,1,0,0,1,4978,652,2,,0.0,686,1,1,1,0,1,0,1,0,1,1160.0,skip
653,1,1,1,1,1,1,0,1,1,1,1,1,1,1,1,0,1,1,0,1,0,4986,653,2,,0.0,687,1,1,1,1,0,1,1,0,1,1180.0,skip
654,1,1,1,1,0,1,0,1,1,1,1,1,1,0,1,0,1,1,0,0,1,4993,654,3,,0.0,688,1,1,1,0,1,0,1,0,1,240.0,no-action
655,1,1,1,1,1,1,0,1,1,1,1,1,1,1,1,0,1,1,0,1,0,5001,655,3,,0.0,689,1,1,1,1,0,1,1,0,1,220.0,no-action
656,1,1,1,1,1,1,0,1,1,1,1,1,1,1,1,0,1,1,0,1,0,5009,656,4,,0.0,69,1,1,1,1,0,1,1,0,1,1160.0,skip
657,1,1,1,1,1,1,0,1,1,1,1,1,1,1,1,0,1,1,0,1,0,5017,657,3,,0.0,690,1,1,1,1,0,1,1,0,1,240.0,no-action
658,1,1,1,1,1,1,0,1,1,1,1,1,1,1,1,0,1,1,0,1,0,5025,658,3,,0.0,691,1,1,1,1,0,1,1,0,1,260.0,skip
659,1,1,1,1,1,1,0,1,1,1,1,1,1,1,1,0,1,1,0,1,0,5033,659,3,,0.0,692,1,1,1,1,0,1,1,0,1,220.0,no-action
660,1,1,1,1,1,1,0,1,1,1,1,1,1,1,1,0,1,1,0,1,0,5041,660,3,,0.0,693,1,1,1,1,0,1,1,0,1,210.0,insert
661,1,1,1,1,0,1,0,1,1,1,1,1,1,0,1,0,1,1,0,0,1,5048,661,3,,0.0,694,1,1,1,0,1,0,1,0,1,220.0,no-action
662,1,1,1,1,1,1,0,1,1,1,1,1,1,1,1,0,1,1,0,1,0,5056,662,3,,0.0,695,1,1,1,1,0,1,1,0,1,260.0,skip
663,1,1,1,1,1,1,1,1,1,1,1,1,1,1,1,1,1,1,1,0,0,5065,663,3,Inserted_Activity_resource,30.0,696,1,1,1,1,0,1,1,1,1,240.0,no-action
664,1,1,1,1,1,1,0,1,1,1,1,1,1,1,1,0,1,1,0,1,0,5073,664,3,,0.0,697,1,1,1,1,0,1,1,0,1,200.0,no-action
665,1,1,1,1,0,1,0,1,1,1,1,1,1,0,1,0,1,1,0,0,1,5080,665,3,,0.0,698,1,1,1,0,1,0,1,0,1,220.0,no-action
666,1,1,1,1,0,1,0,1,1,1,1,1,1,0,1,0,1,1,0,0,1,5087,666,4,,0.0,699,1,1,1,0,1,0,1,0,1,240.0,no-action
667,1,1,1,1,1,1,0,1,1,1,1,1,1,1,1,0,1,1,0,1,0,5095,667,0,,0.0,7,1,1,1,1,0,1,1,0,1,1180.0,skip
668,1,1,1,1,0,1,0,1,1,1,1,1,1,0,1,0,1,1,0,0,1,5102,668,4,,0.0,70,1,1,1,0,1,0,1,0,1,1160.0,skip
669,1,1,1,1,0,1,0,1,1,1,1,1,1,0,1,0,1,1,0,0,1,5109,669,4,,0.0,700,1,1,1,0,1,0,1,0,1,1200.0,skip
670,1,1,1,1,0,1,0,1,1,1,1,1,1,0,1,0,1,1,0,0,1,5116,670,4,,0.0,701,1,1,1,0,1,0,1,0,1,260.0,skip
671,1,1,1,1,1,1,0,1,1,1,1,1,1,1,1,0,1,1,0,1,0,5124,671,3,,0.0,702,1,1,1,1,0,1,1,0,1,220.0,no-action
672,1,1,1,1,1,1,0,1,1,1,1,1,1,1,1,0,1,1,0,1,0,5132,672,3,,0.0,703,1,1,1,1,0,1,1,0,1,1140.0,skip
673,1,1,1,1,0,1,0,1,1,1,1,1,1,0,1,0,1,1,0,0,1,5139,673,4,,0.0,704,1,1,1,0,1,0,1,0,1,220.0,no-action
674,1,1,1,1,1,1,0,1,1,1,1,1,1,1,1,0,1,1,0,1,0,5147,674,4,,0.0,705,1,1,1,1,0,1,1,0,1,260.0,skip
675,1,1,1,1,0,1,0,1,1,1,1,1,1,0,1,0,1,1,0,0,1,5154,675,4,,0.0,706,1,1,1,0,1,0,1,0,1,240.0,no-action
676,1,1,1,1,1,1,0,1,1,1,1,1,1,1,1,0,1,1,0,1,0,5162,676,4,,0.0,707,1,1,1,1,0,1,1,0,1,200.0,no-action
677,1,1,1,1,1,1,1,1,1,1,1,1,1,1,1,1,1,1,1,0,0,5171,677,4,Inserted_Activity_resource,30.0,708,1,1,1,1,0,1,1,1,1,220.0,no-action
678,1,1,1,1,1,1,0,1,1,1,1,1,1,1,1,0,1,1,0,1,0,5179,678,4,,0.0,709,1,1,1,1,0,1,1,0,1,240.0,no-action
679,1,1,1,1,1,1,0,1,1,1,1,1,1,1,1,0,1,1,0,1,0,5187,679,4,,0.0,71,1,1,1,1,0,1,1,0,1,220.0,no-action
680,1,1,1,1,0,1,0,1,1,1,1,1,1,0,1,0,1,1,0,0,1,5194,680,4,,0.0,710,1,1,1,0,1,0,1,0,1,200.0,no-action
681,1,1,1,1,1,1,0,1,1,1,1,1,1,1,1,0,1,1,0,1,0,5202,681,4,,0.0,711,1,1,1,1,0,1,1,0,1,240.0,no-action
682,1,1,1,1,1,1,0,1,1,1,1,1,1,1,1,0,1,1,0,1,0,5210,682,4,,0.0,712,1,1,1,1,0,1,1,0,1,260.0,skip
683,1,1,1,1,1,1,0,1,1,1,1,1,1,1,1,0,1,1,0,1,0,5218,683,4,,0.0,713,1,1,1,1,0,1,1,0,1,1180.0,skip
684,1,1,1,1,1,1,0,1,1,1,1,1,1,1,1,0,1,1,0,1,0,5226,684,4,,0.0,714,1,1,1,1,0,1,1,0,1,1140.0,skip
685,1,1,1,1,0,1,0,1,1,1,1,1,1,0,1,0,1,1,0,0,1,5233,685,0,,0.0,715,1,1,1,0,1,0,1,0,1,1180.0,skip
686,1,1,1,1,0,1,0,1,1,1,1,1,1,0,1,0,1,1,0,0,1,5240,686,0,,0.0,716,1,1,1,0,1,0,1,0,1,260.0,skip
687,1,1,1,1,0,1,0,1,1,1,1,1,1,0,1,0,1,1,0,0,1,5247,687,0,,0.0,717,1,1,1,0,1,0,1,0,1,240.0,no-action
688,1,1,1,1,0,1,0,1,1,1,1,1,1,0,1,0,1,1,0,0,1,5254,688,4,,0.0,718,1,1,1,0,1,0,1,0,1,1160.0,skip
689,1,1,1,1,1,1,0,1,1,1,1,1,1,1,1,0,1,1,0,1,0,5262,689,4,,0.0,719,1,1,1,1,0,1,1,0,1,220.0,no-action
690,1,1,1,1,1,1,1,1,1,1,1,1,1,1,1,1,1,1,1,0,0,5271,690,4,Inserted_Activity_resource,30.0,72,1,1,1,1,0,1,1,1,1,240.0,no-action
691,1,1,1,1,0,1,0,1,1,1,1,1,1,0,1,0,1,1,0,0,1,5278,691,0,,0.0,720,1,1,1,0,1,0,1,0,1,220.0,no-action
692,1,1,1,1,1,1,0,1,1,1,1,1,1,1,1,0,1,1,0,1,0,5286,692,0,,0.0,721,1,1,1,1,0,1,1,0,1,200.0,no-action
693,1,1,1,1,0,1,0,1,1,1,1,1,1,0,1,0,1,1,0,0,1,5293,693,0,,0.0,722,1,1,1,0,1,0,1,0,1,240.0,no-action
694,1,1,1,1,1,1,0,1,1,1,1,1,1,1,1,0,1,1,0,1,0,5301,694,0,,0.0,723,1,1,1,1,0,1,1,0,1,260.0,skip
695,1,1,1,1,1,1,0,1,1,1,1,1,1,1,1,0,1,1,0,1,0,5309,695,0,,0.0,724,1,1,1,1,0,1,1,0,1,220.0,no-action
696,1,1,1,1,1,1,0,1,1,1,1,1,1,1,1,0,1,1,0,1,0,5317,696,0,,0.0,725,1,1,1,1,0,1,1,0,1,210.0,insert
697,1,1,1,1,1,1,0,1,1,1,1,1,1,1,1,0,1,1,0,1,0,5325,697,0,,0.0,726,1,1,1,1,0,1,1,0,1,220.0,no-action
698,1,1,1,1,1,1,0,1,1,1,1,1,1,1,1,0,1,1,0,1,0,5333,698,0,,0.0,727,1,1,1,1,0,1,1,0,1,260.0,skip
699,1,1,1,1,1,1,0,1,1,1,1,1,1,1,1,0,1,1,0,1,0,5341,699,0,,0.0,728,1,1,1,1,0,1,1,0,1,1200.0,skip
700,1,1,1,1,1,1,0,1,1,1,1,1,1,1,1,0,1,1,0,1,0,5349,700,0,,0.0,729,1,1,1,1,0,1,1,0,1,1160.0,skip
701,1,1,1,1,1,1,0,1,1,1,1,1,1,1,1,0,1,1,0,1,0,5357,701,4,,0.0,73,1,1,1,1,0,1,1,0,1,1180.0,skip
702,1,1,1,1,0,1,0,1,1,1,1,1,1,0,1,0,1,1,0,0,1,5364,702,0,,0.0,730,1,1,1,0,1,0,1,0,1,240.0,no-action
703,1,1,1,1,0,1,0,1,1,1,1,1,1,0,1,0,1,1,0,0,1,5371,703,1,,0.0,731,1,1,1,0,1,0,1,0,1,220.0,no-action
704,1,1,1,1,0,1,0,1,1,1,1,1,1,0,1,0,1,1,0,0,1,5378,704,1,,0.0,732,1,1,1,0,1,0,1,0,1,1160.0,skip
705,1,1,1,1,0,1,0,1,1,1,1,1,1,0,1,0,1,1,0,0,1,5385,705,1,,0.0,733,1,1,1,0,1,0,1,0,1,240.0,no-action
706,1,1,1,1,0,1,0,1,1,1,1,1,1,0,1,0,1,1,0,0,1,5392,706,0,,0.0,734,1,1,1,0,1,0,1,0,1,260.0,skip
707,1,1,1,1,1,1,0,1,1,1,1,1,1,1,1,0,1,1,0,1,0,5400,707,0,,0.0,735,1,1,1,1,0,1,1,0,1,220.0,no-action
708,1,1,1,1,0,1,0,1,1,1,1,1,1,0,1,0,1,1,0,0,1,5407,708,1,,0.0,736,1,1,1,0,1,0,1,0,1,210.0,insert
709,1,1,1,1,1,1,0,1,1,1,1,1,1,1,1,0,1,1,0,1,0,5415,709,1,,0.0,737,1,1,1,1,0,1,1,0,1,220.0,no-action
710,1,1,1,1,1,1,0,1,1,1,1,1,1,1,1,0,1,1,0,1,0,5423,710,1,,0.0,738,1,1,1,1,0,1,1,0,1,260.0,skip
711,1,1,1,1,1,1,0,1,1,1,1,1,1,1,1,0,1,1,0,1,0,5431,711,1,,0.0,739,1,1,1,1,0,1,1,0,1,240.0,no-action
712,1,1,1,1,0,1,0,1,1,1,1,1,1,0,1,0,1,1,0,0,1,5438,712,4,,0.0,74,1,1,1,0,1,0,1,0,1,200.0,no-action
713,1,1,1,1,1,1,0,1,1,1,1,1,1,1,1,0,1,1,0,1,0,5446,713,1,,0.0,740,1,1,1,1,0,1,1,0,1,220.0,no-action
714,1,1,1,1,1,1,0,1,1,1,1,1,1,1,1,0,1,1,0,1,0,5454,714,1,,0.0,741,1,1,1,1,0,1,1,0,1,240.0,no-action
715,1,1,1,1,0,1,0,1,1,1,1,1,1,0,1,0,1,1,0,0,1,5461,715,1,,0.0,742,1,1,1,0,1,0,1,0,1,4060.0,skip
716,1,1,1,1,1,1,0,1,1,1,1,1,1,1,1,0,1,1,0,1,0,5469,716,1,,0.0,743,1,1,1,1,0,1,1,0,1,4040.0,skip
717,1,1,1,1,1,1,1,1,1,1,1,1,1,1,1,1,1,1,1,0,0,5478,717,1,Inserted_Activity_resource,30.0,744,1,1,1,1,0,1,1,1,1,4080.0,skip
718,1,1,1,1,1,1,0,1,1,1,1,1,1,1,1,0,1,1,0,1,0,5486,718,1,,0.0,745,1,1,1,1,0,1,1,0,1,260.0,skip
719,1,1,1,1,0,1,0,1,1,1,1,1,1,0,1,0,1,1,0,0,1,5493,719,1,,0.0,746,1,1,1,0,1,0,1,0,1,220.0,no-action
720,1,1,1,1,0,1,0,1,1,1,1,1,1,0,1,0,1,1,0,0,1,5500,720,2,,0.0,747,1,1,1,0,1,0,1,0,1,4020.0,skip
721,1,1,1,1,0,1,0,1,1,1,1,1,1,0,1,0,1,1,0,0,1,5507,721,2,,0.0,748,1,1,1,0,1,0,1,0,1,220.0,no-action
722,1,1,1,1,0,1,0,1,1,1,1,1,1,0,1,0,1,1,0,0,1,5514,722,2,,0.0,749,1,1,1,0,1,0,1,0,1,260.0,skip
723,1,1,1,1,0,1,0,1,1,1,1,1,1,0,1,0,1,1,0,0,1,5521,723,0,,0.0,75,1,1,1,0,1,0,1,0,1,240.0,no-action
724,1,1,1,1,1,1,0,1,1,1,1,1,1,1,1,0,1,1,0,1,0,5529,724,1,,0.0,750,1,1,1,1,0,1,1,0,1,200.0,no-action
725,1,1,1,1,1,1,0,1,1,1,1,1,1,1,1,0,1,1,0,1,0,5537,725,1,,0.0,751,1,1,1,1,0,1,1,0,1,220.0,no-action
726,1,1,1,1,0,1,0,1,1,1,1,1,1,0,1,0,1,1,0,0,1,5544,726,2,,0.0,752,1,1,1,0,1,0,1,0,1,240.0,no-action
727,1,1,1,1,1,1,0,1,1,1,1,1,1,1,1,0,1,1,0,1,0,5552,727,2,,0.0,753,1,1,1,1,0,1,1,0,1,220.0,no-action
728,1,1,1,1,0,1,0,1,1,1,1,1,1,0,1,0,1,1,0,0,1,5559,728,2,,0.0,754,1,1,1,0,1,0,1,0,1,200.0,no-action
729,1,1,1,1,1,1,0,1,1,1,1,1,1,1,1,0,1,1,0,1,0,5567,729,2,,0.0,755,1,1,1,1,0,1,1,0,1,240.0,no-action
730,1,1,1,1,1,1,1,1,1,1,1,1,1,1,1,1,1,1,1,0,0,5576,730,2,Inserted_Activity_resource,30.0,756,1,1,1,1,0,1,1,1,1,260.0,skip
731,1,1,1,1,1,1,0,1,1,1,1,1,1,1,1,0,1,1,0,1,0,5584,731,2,,0.0,757,1,1,1,1,0,1,1,0,1,1180.0,skip
732,1,1,1,1,0,1,0,1,1,1,1,1,1,0,1,0,1,1,0,0,1,5591,732,2,,0.0,758,1,1,1,0,1,0,1,0,1,1140.0,skip
733,1,1,1,1,1,1,0,1,1,1,1,1,1,1,1,0,1,1,0,1,0,5599,733,2,,0.0,759,1,1,1,1,0,1,1,0,1,1180.0,skip
734,1,1,1,1,0,1,0,1,1,1,1,1,1,0,1,0,1,1,0,0,1,5606,734,0,,0.0,76,1,1,1,0,1,0,1,0,1,260.0,skip
735,1,1,1,1,1,1,0,1,1,1,1,1,1,1,1,0,1,1,0,1,0,5614,735,2,,0.0,760,1,1,1,1,0,1,1,0,1,240.0,no-action
736,1,1,1,1,1,1,0,1,1,1,1,1,1,1,1,0,1,1,0,1,0,5622,736,2,,0.0,761,1,1,1,1,0,1,1,0,1,1160.0,skip
737,1,1,1,1,1,1,0,1,1,1,1,1,1,1,1,0,1,1,0,1,0,5630,737,2,,0.0,762,1,1,1,1,0,1,1,0,1,220.0,no-action
738,1,1,1,1,0,1,0,1,1,1,1,1,1,0,1,0,1,1,0,0,1,5637,738,3,,0.0,763,1,1,1,0,1,0,1,0,1,240.0,no-action
739,1,1,1,1,0,1,0,1,1,1,1,1,1,0,1,0,1,1,0,0,1,5644,739,3,,0.0,764,1,1,1,0,1,0,1,0,1,220.0,no-action
740,1,1,1,1,0,1,0,1,1,1,1,1,1,0,1,0,1,1,0,0,1,5651,740,3,,0.0,765,1,1,1,0,1,0,1,0,1,200.0,no-action
741,1,1,1,1,0,1,0,1,1,1,1,1,1,0,1,0,1,1,0,0,1,5658,741,2,,0.0,766,1,1,1,0,1,0,1,0,1,240.0,no-action
742,1,1,1,1,1,1,0,1,1,1,1,1,1,1,1,0,1,1,0,1,0,5666,742,2,,0.0,767,1,1,1,1,0,1,1,0,1,260.0,skip
743,1,1,1,1,0,1,0,1,1,1,1,1,1,0,1,0,1,1,0,0,1,5673,743,3,,0.0,768,1,1,1,0,1,0,1,0,1,220.0,no-action
744,1,1,1,1,1,1,0,1,1,1,1,1,1,1,1,0,1,1,0,1,0,5681,744,3,,0.0,769,1,1,1,1,0,1,1,0,1,210.0,insert
745,1,1,1,1,0,1,0,1,1,1,1,1,1,0,1,0,1,1,0,0,1,5688,745,0,,0.0,77,1,1,1,0,1,0,1,0,1,220.0,no-action
746,1,1,1,1,0,1,0,1,1,1,1,1,1,0,1,0,1,1,0,0,1,5695,746,3,,0.0,770,1,1,1,0,1,0,1,0,1,260.0,skip
747,1,1,1,1,1,1,0,1,1,1,1,1,1,1,1,0,1,1,0,1,0,5703,747,3,,0.0,771,1,1,1,1,0,1,1,0,1,1200.0,skip
748,1,1,1,1,1,1,0,1,1,1,1,1,1,1,1,0,1,1,0,1,0,5711,748,3,,0.0,772,1,1,1,1,0,1,1,0,1,1160.0,skip
749,1,1,1,1,1,1,0,1,1,1,1,1,1,1,1,0,1,1,0,1,0,5719,749,3,,0.0,773,1,1,1,1,0,1,1,0,1,1180.0,skip
750,1,1,1,1,1,1,0,1,1,1,1,1,1,1,1,0,1,1,0,1,0,5727,750,3,,0.0,774,1,1,1,1,0,1,1,0,1,240.0,no-action
751,1,1,1,1,1,1,0,1,1,1,1,1,1,1,1,0,1,1,0,1,0,5735,751,3,,0.0,775,1,1,1,1,0,1,1,0,1,220.0,no-action
752,1,1,1,1,1,1,0,1,1,1,1,1,1,1,1,0,1,1,0,1,0,5743,752,3,,0.0,776,1,1,1,1,0,1,1,0,1,1160.0,skip
753,1,1,1,1,1,1,0,1,1,1,1,1,1,1,1,0,1,1,0,1,0,5751,753,3,,0.0,777,1,1,1,1,0,1,1,0,1,240.0,no-action
754,1,1,1,1,0,1,0,1,1,1,1,1,1,0,1,0,1,1,0,0,1,5758,754,3,,0.0,778,1,1,1,0,1,0,1,0,1,260.0,skip
755,1,1,1,1,0,1,0,1,1,1,1,1,1,0,1,0,1,1,0,0,1,5765,755,4,,0.0,779,1,1,1,0,1,0,1,0,1,220.0,no-action
756,1,1,1,1,1,1,0,1,1,1,1,1,1,1,1,0,1,1,0,1,0,5773,756,4,,0.0,78,1,1,1,1,0,1,1,0,1,210.0,insert
757,1,1,1,1,0,1,0,1,1,1,1,1,1,0,1,0,1,1,0,0,1,5780,757,4,,0.0,780,1,1,1,0,1,0,1,0,1,220.0,no-action
758,1,1,1,1,0,1,0,1,1,1,1,1,1,0,1,0,1,1,0,0,1,5787,758,4,,0.0,781,1,1,1,0,1,0,1,0,1,260.0,skip
759,1,1,1,1,0,1,0,1,1,1,1,1,1,0,1,0,1,1,0,0,1,5794,759,3,,0.0,782,1,1,1,0,1,0,1,0,1,240.0,no-action
760,1,1,1,1,1,1,0,1,1,1,1,1,1,1,1,0,1,1,0,1,0,5802,760,3,,0.0,783,1,1,1,1,0,1,1,0,1,200.0,no-action
761,1,1,1,1,0,1,0,1,1,1,1,1,1,0,1,0,1,1,0,0,1,5809,761,4,,0.0,784,1,1,1,0,1,0,1,0,1,220.0,no-action
762,1,1,1,1,1,1,0,1,1,1,1,1,1,1,1,0,1,1,0,1,0,5817,762,4,,0.0,785,1,1,1,1,0,1,1,0,1,240.0,no-action
763,1,1,1,1,1,1,0,1,1,1,1,1,1,1,1,0,1,1,0,1,0,5825,763,4,,0.0,786,1,1,1,1,0,1,1,0,1,1180.0,skip
764,1,1,1,1,1,1,0,1,1,1,1,1,1,1,1,0,1,1,0,1,0,5833,764,4,,0.0,787,1,1,1,1,0,1,1,0,1,1160.0,skip
765,1,1,1,1,1,1,0,1,1,1,1,1,1,1,1,0,1,1,0,1,0,5841,765,4,,0.0,788,1,1,1,1,0,1,1,0,1,1200.0,skip
766,1,1,1,1,1,1,0,1,1,1,1,1,1,1,1,0,1,1,0,1,0,5849,766,4,,0.0,789,1,1,1,1,0,1,1,0,1,260.0,skip
767,1,1,1,1,1,1,0,1,1,1,1,1,1,1,1,0,1,1,0,1,0,5857,767,4,,0.0,79,1,1,1,1,0,1,1,0,1,220.0,no-action
768,1,1,1,1,0,1,0,1,1,1,1,1,1,0,1,0,1,1,0,0,1,5864,768,4,,0.0,790,1,1,1,0,1,0,1,0,1,1140.0,skip
769,1,1,1,1,1,1,0,1,1,1,1,1,1,1,1,0,1,1,0,1,0,5872,769,4,,0.0,791,1,1,1,1,0,1,1,0,1,220.0,no-action
770,1,1,1,1,1,1,1,1,1,1,1,1,1,1,1,1,1,1,1,0,0,5881,770,4,Inserted_Activity_resource,30.0,792,1,1,1,1,0,1,1,1,1,260.0,skip
771,1,1,1,1,1,1,0,1,1,1,1,1,1,1,1,0,1,1,0,1,0,5889,771,4,,0.0,793,1,1,1,1,0,1,1,0,1,240.0,no-action
772,1,1,1,1,0,1,0,1,1,1,1,1,1,0,1,0,1,1,0,0,1,5896,772,4,,0.0,794,1,1,1,0,1,0,1,0,1,200.0,no-action
773,1,1,1,1,0,1,0,1,1,1,1,1,1,0,1,0,1,1,0,0,1,5903,773,0,,0.0,795,1,1,1,0,1,0,1,0,1,220.0,no-action
774,1,1,1,1,0,1,0,1,1,1,1,1,1,0,1,0,1,1,0,0,1,5910,774,0,,0.0,796,1,1,1,0,1,0,1,0,1,240.0,no-action
775,1,1,1,1,0,1,0,1,1,1,1,1,1,0,1,0,1,1,0,0,1,5917,775,0,,0.0,797,1,1,1,0,1,0,1,0,1,220.0,no-action
776,1,1,1,1,1,1,0,1,1,1,1,1,1,1,1,0,1,1,0,1,0,5925,776,4,,0.0,798,1,1,1,1,0,1,1,0,1,200.0,no-action
777,1,1,1,1,1,1,0,1,1,1,1,1,1,1,1,0,1,1,0,1,0,5933,777,4,,0.0,799,1,1,1,1,0,1,1,0,1,240.0,no-action
778,1,1,1,1,1,1,0,1,1,1,1,1,1,1,1,0,1,1,0,1,0,5941,778,0,,0.0,8,1,1,1,1,0,1,1,0,1,260.0,skip
779,1,1,1,1,0,1,0,1,1,1,1,1,1,0,1,0,1,1,0,0,1,5948,779,0,,0.0,80,1,1,1,0,1,0,1,0,1,1180.0,skip
780,1,1,1,1,0,1,0,1,1,1,1,1,1,0,1,0,1,1,0,0,1,5955,780,0,,0.0,800,1,1,1,0,1,0,1,0,1,1140.0,skip
781,1,1,1,1,1,1,0,1,1,1,1,1,1,1,1,0,1,1,0,1,0,5963,781,0,,0.0,801,1,1,1,1,0,1,1,0,1,1180.0,skip
782,1,1,1,1,0,1,0,1,1,1,1,1,1,0,1,0,1,1,0,0,1,5970,782,0,,0.0,802,1,1,1,0,1,0,1,0,1,260.0,skip
783,1,1,1,1,1,1,0,1,1,1,1,1,1,1,1,0,1,1,0,1,0,5978,783,0,,0.0,803,1,1,1,1,0,1,1,0,1,240.0,no-action
784,1,1,1,1,1,1,1,1,1,1,1,1,1,1,1,1,1,1,1,0,0,5987,784,0,Inserted_Activity_resource,30.0,804,1,1,1,1,0,1,1,1,1,1160.0,skip
785,1,1,1,1,1,1,0,1,1,1,1,1,1,1,1,0,1,1,0,1,0,5995,785,0,,0.0,805,1,1,1,1,0,1,1,0,1,220.0,no-action
786,1,1,1,1,0,1,0,1,1,1,1,1,1,0,1,0,1,1,0,0,1,6002,786,0,,0.0,806,1,1,1,0,1,0,1,0,1,240.0,no-action
787,1,1,1,1,1,1,0,1,1,1,1,1,1,1,1,0,1,1,0,1,0,6010,787,0,,0.0,807,1,1,1,1,0,1,1,0,1,220.0,no-action
788,1,1,1,1,1,1,0,1,1,1,1,1,1,1,1,0,1,1,0,1,0,6018,788,0,,0.0,808,1,1,1,1,0,1,1,0,1,200.0,no-action
789,1,1,1,1,1,1,0,1,1,1,1,1,1,1,1,0,1,1,0,1,0,6026,789,0,,0.0,809,1,1,1,1,0,1,1,0,1,240.0,no-action
790,1,1,1,1,1,1,0,1,1,1,1,1,1,1,1,0,1,1,0,1,0,6034,790,0,,0.0,81,1,1,1,1,0,1,1,0,1,260.0,skip
791,1,1,1,1,1,1,0,1,1,1,1,1,1,1,1,0,1,1,0,1,0,6042,791,0,,0.0,810,1,1,1,1,0,1,1,0,1,220.0,no-action
792,1,1,1,1,0,1,0,1,1,1,1,1,1,0,1,0,1,1,0,0,1,6049,792,1,,0.0,811,1,1,1,0,1,0,1,0,1,210.0,insert
793,1,1,1,1,0,1,0,1,1,1,1,1,1,0,1,0,1,1,0,0,1,6056,793,1,,0.0,812,1,1,1,0,1,0,1,0,1,220.0,no-action
794,1,1,1,1,0,1,0,1,1,1,1,1,1,0,1,0,1,1,0,0,1,6063,794,1,,0.0,813,1,1,1,0,1,0,1,0,1,260.0,skip
795,1,1,1,1,0,1,0,1,1,1,1,1,1,0,1,0,1,1,0,0,1,6070,795,0,,0.0,814,1,1,1,0,1,0,1,0,1,4080.0,skip
796,1,1,1,1,1,1,0,1,1,1,1,1,1,1,1,0,1,1,0,1,0,6078,796,0,,0.0,815,1,1,1,1,0,1,1,0,1,4040.0,skip
797,1,1,1,1,0,1,0,1,1,1,1,1,1,0,1,0,1,1,0,0,1,6085,797,1,,0.0,816,1,1,1,0,1,0,1,0,1,4060.0,skip
798,1,1,1,1,1,1,0,1,1,1,1,1,1,1,1,0,1,1,0,1,0,6093,798,1,,0.0,817,1,1,1,1,0,1,1,0,1,240.0,no-action
799,1,1,1,1,0,1,0,1,1,1,1,1,1,0,1,0,1,1,0,0,1,6100,799,1,,0.0,818,1,1,1,0,1,0,1,0,1,220.0,no-action
800,1,1,1,1,1,1,0,1,1,1,1,1,1,1,1,0,1,1,0,1,0,6108,800,1,,0.0,819,1,1,1,1,0,1,1,0,1,4040.0,skip
801,1,1,1,1,0,1,0,1,1,1,1,1,1,0,1,0,1,1,0,0,1,6115,801,0,,0.0,82,1,1,1,0,1,0,1,0,1,240.0,no-action
802,1,1,1,1,1,1,0,1,1,1,1,1,1,1,1,0,1,1,0,1,0,6123,802,1,,0.0,820,1,1,1,1,0,1,1,0,1,260.0,skip
803,1,1,1,1,1,1,0,1,1,1,1,1,1,1,1,0,1,1,0,1,0,6131,803,1,,0.0,821,1,1,1,1,0,1,1,0,1,220.0,no-action
804,1,1,1,1,1,1,0,1,1,1,1,1,1,1,1,0,1,1,0,1,0,6139,804,1,,0.0,822,1,1,1,1,0,1,1,0,1,210.0,insert
805,1,1,1,1,1,1,0,1,1,1,1,1,1,1,1,0,1,1,0,1,0,6147,805,1,,0.0,823,1,1,1,1,0,1,1,0,1,220.0,no-action
806,1,1,1,1,1,1,0,1,1,1,1,1,1,1,1,0,1,1,0,1,0,6155,806,1,,0.0,824,1,1,1,1,0,1,1,0,1,260.0,skip
807,1,1,1,1,1,1,0,1,1,1,1,1,1,1,1,0,1,1,0,1,0,6163,807,1,,0.0,825,1,1,1,1,0,1,1,0,1,240.0,no-action
808,1,1,1,1,0,1,0,1,1,1,1,1,1,0,1,0,1,1,0,0,1,6170,808,1,,0.0,826,1,1,1,0,1,0,1,0,1,200.0,no-action
809,1,1,1,1,0,1,0,1,1,1,1,1,1,0,1,0,1,1,0,0,1,6177,809,2,,0.0,827,1,1,1,0,1,0,1,0,1,220.0,no-action
810,1,1,1,1,0,1,0,1,1,1,1,1,1,0,1,0,1,1,0,0,1,6184,810,2,,0.0,828,1,1,1,0,1,0,1,0,1,240.0,no-action
811,1,1,1,1,0,1,0,1,1,1,1,1,1,0,1,0,1,1,0,0,1,6191,811,2,,0.0,829,1,1,1,0,1,0,1,0,1,1180.0,skip
812,1,1,1,1,1,1,0,1,1,1,1,1,1,1,1,0,1,1,0,1,0,6199,812,0,,0.0,83,1,1,1,1,0,1,1,0,1,1160.0,skip
813,1,1,1,1,0,1,0,1,1,1,1,1,1,0,1,0,1,1,0,0,1,6206,813,1,,0.0,830,1,1,1,0,1,0,1,0,1,1200.0,skip
814,1,1,1,1,1,1,0,1,1,1,1,1,1,1,1,0,1,1,0,1,0,6214,814,1,,0.0,831,1,1,1,1,0,1,1,0,1,260.0,skip
815,1,1,1,1,0,1,0,1,1,1,1,1,1,0,1,0,1,1,0,0,1,6221,815,2,,0.0,832,1,1,1,0,1,0,1,0,1,220.0,no-action
816,1,1,1,1,1,1,0,1,1,1,1,1,1,1,1,0,1,1,0,1,0,6229,816,2,,0.0,833,1,1,1,1,0,1,1,0,1,1140.0,skip
817,1,1,1,1,1,1,0,1,1,1,1,1,1,1,1,0,1,1,0,1,0,6237,817,2,,0.0,834,1,1,1,1,0,1,1,0,1,220.0,no-action
818,1,1,1,1,1,1,0,1,1,1,1,1,1,1,1,0,1,1,0,1,0,6245,818,2,,0.0,835,1,1,1,1,0,1,1,0,1,260.0,skip
819,1,1,1,1,1,1,0,1,1,1,1,1,1,1,1,0,1,1,0,1,0,6253,819,2,,0.0,836,1,1,1,1,0,1,1,0,1,240.0,no-action
820,1,1,1,1,1,1,0,1,1,1,1,1,1,1,1,0,1,1,0,1,0,6261,820,2,,0.0,837,1,1,1,1,0,1,1,0,1,200.0,no-action
821,1,1,1,1,0,1,0,1,1,1,1,1,1,0,1,0,1,1,0,0,1,6268,821,2,,0.0,838,1,1,1,0,1,0,1,0,1,220.0,no-action
822,1,1,1,1,1,1,0,1,1,1,1,1,1,1,1,0,1,1,0,1,0,6276,822,2,,0.0,839,1,1,1,1,0,1,1,0,1,240.0,no-action
823,1,1,1,1,1,1,1,1,1,1,1,1,1,1,1,1,1,1,1,0,0,6285,823,0,Inserted_Activity_resource,30.0,84,1,1,1,1,0,1,1,1,1,220.0,no-action
824,1,1,1,1,1,1,1,1,1,1,1,1,1,1,1,1,1,1,1,0,0,6294,824,2,Inserted_Activity_resource,30.0,840,1,1,1,1,0,1,1,1,1,200.0,no-action
825,1,1,1,1,1,1,0,1,1,1,1,1,1,1,1,0,1,1,0,1,0,6302,825,2,,0.0,841,1,1,1,1,0,1,1,0,1,240.0,no-action
826,1,1,1,1,0,1,0,1,1,1,1,1,1,0,1,0,1,1,0,0,1,6309,826,2,,0.0,842,1,1,1,0,1,0,1,0,1,260.0,skip
827,1,1,1,1,0,1,0,1,1,1,1,1,1,0,1,0,1,1,0,0,1,6316,827,3,,0.0,843,1,1,1,0,1,0,1,0,1,1180.0,skip
828,1,1,1,1,0,1,0,1,1,1,1,1,1,0,1,0,1,1,0,0,1,6323,828,3,,0.0,844,1,1,1,0,1,0,1,0,1,1140.0,skip
829,1,1,1,1,0,1,0,1,1,1,1,1,1,0,1,0,1,1,0,0,1,6330,829,3,,0.0,845,1,1,1,0,1,0,1,0,1,1180.0,skip
830,1,1,1,1,1,1,0,1,1,1,1,1,1,1,1,0,1,1,0,1,0,6338,830,2,,0.0,846,1,1,1,1,0,1,1,0,1,260.0,skip
831,1,1,1,1,1,1,0,1,1,1,1,1,1,1,1,0,1,1,0,1,0,6346,831,2,,0.0,847,1,1,1,1,0,1,1,0,1,240.0,no-action
832,1,1,1,1,0,1,0,1,1,1,1,1,1,0,1,0,1,1,0,0,1,6353,832,3,,0.0,848,1,1,1,0,1,0,1,0,1,1160.0,skip
833,1,1,1,1,1,1,0,1,1,1,1,1,1,1,1,0,1,1,0,1,0,6361,833,3,,0.0,849,1,1,1,1,0,1,1,0,1,220.0,no-action
834,1,1,1,1,1,1,0,1,1,1,1,1,1,1,1,0,1,1,0,1,0,6369,834,0,,0.0,85,1,1,1,1,0,1,1,0,1,240.0,no-action
835,1,1,1,1,0,1,0,1,1,1,1,1,1,0,1,0,1,1,0,0,1,6376,835,3,,0.0,850,1,1,1,0,1,0,1,0,1,220.0,no-action
836,1,1,1,1,1,1,0,1,1,1,1,1,1,1,1,0,1,1,0,1,0,6384,836,3,,0.0,851,1,1,1,1,0,1,1,0,1,200.0,no-action
837,1,1,1,1,1,1,1,1,1,1,1,1,1,1,1,1,1,1,1,0,0,6393,837,3,Inserted_Activity_resource,30.0,852,1,1,1,1,0,1,1,1,1,240.0,no-action
838,1,1,1,1,1,1,0,1,1,1,1,1,1,1,1,0,1,1,0,1,0,6401,838,3,,0.0,853,1,1,1,1,0,1,1,0,1,260.0,skip
839,1,1,1,1,0,1,0,1,1,1,1,1,1,0,1,0,1,1,0,0,1,6408,839,3,,0.0,854,1,1,1,0,1,0,1,0,1,220.0,no-action
840,1,1,1,1,1,1,0,1,1,1,1,1,1,1,1,0,1,1,0,1,0,6416,840,3,,0.0,855,1,1,1,1,0,1,1,0,1,210.0,insert
841,1,1,1,1,1,1,0,1,1,1,1,1,1,1,1,0,1,1,0,1,0,6424,841,3,,0.0,856,1,1,1,1,0,1,1,0,1,220.0,no-action
842,1,1,1,1,1,1,0,1,1,1,1,1,1,1,1,0,1,1,0,1,0,6432,842,3,,0.0,857,1,1,1,1,0,1,1,0,1,260.0,skip
843,1,1,1,1,1,1,0,1,1,1,1,1,1,1,1,0,1,1,0,1,0,6440,843,3,,0.0,858,1,1,1,1,0,1,1,0,1,1200.0,skip
844,1,1,1,1,0,1,0,1,1,1,1,1,1,0,1,0,1,1,0,0,1,6447,844,4,,0.0,859,1,1,1,0,1,0,1,0,1,1160.0,skip
845,1,1,1,1,0,1,0,1,1,1,1,1,1,0,1,0,1,1,0,0,1,6454,845,0,,0.0,86,1,1,1,0,1,0,1,0,1,1180.0,skip
846,1,1,1,1,0,1,0,1,1,1,1,1,1,0,1,0,1,1,0,0,1,6461,846,4,,0.0,860,1,1,1,0,1,0,1,0,1,240.0,no-action
847,1,1,1,1,0,1,0,1,1,1,1,1,1,0,1,0,1,1,0,0,1,6468,847,4,,0.0,861,1,1,1,0,1,0,1,0,1,220.0,no-action
848,1,1,1,1,0,1,0,1,1,1,1,1,1,0,1,0,1,1,0,0,1,6475,848,3,,0.0,862,1,1,1,0,1,0,1,0,1,1160.0,skip
849,1,1,1,1,1,1,0,1,1,1,1,1,1,1,1,0,1,1,0,1,0,6483,849,3,,0.0,863,1,1,1,1,0,1,1,0,1,240.0,no-action
850,1,1,1,1,0,1,0,1,1,1,1,1,1,0,1,0,1,1,0,0,1,6490,850,4,,0.0,864,1,1,1,0,1,0,1,0,1,260.0,skip
851,1,1,1,1,1,1,0,1,1,1,1,1,1,1,1,0,1,1,0,1,0,6498,851,4,,0.0,865,1,1,1,1,0,1,1,0,1,220.0,no-action
852,1,1,1,1,0,1,0,1,1,1,1,1,1,0,1,0,1,1,0,0,1,6505,852,4,,0.0,866,1,1,1,0,1,0,1,0,1,210.0,insert
853,1,1,1,1,1,1,0,1,1,1,1,1,1,1,1,0,1,1,0,1,0,6513,853,4,,0.0,867,1,1,1,1,0,1,1,0,1,220.0,no-action
854,1,1,1,1,1,1,0,1,1,1,1,1,1,1,1,0,1,1,0,1,0,6521,854,4,,0.0,868,1,1,1,1,0,1,1,0,1,260.0,skip
855,1,1,1,1,1,1,0,1,1,1,1,1,1,1,1,0,1,1,0,1,0,6529,855,4,,0.0,869,1,1,1,1,0,1,1,0,1,240.0,no-action
856,1,1,1,1,1,1,0,1,1,1,1,1,1,1,1,0,1,1,0,1,0,6537,856,0,,0.0,87,1,1,1,1,0,1,1,0,1,200.0,no-action
857,1,1,1,1,1,1,0,1,1,1,1,1,1,1,1,0,1,1,0,1,0,6545,857,4,,0.0,870,1,1,1,1,0,1,1,0,1,220.0,no-action
858,1,1,1,1,1,1,0,1,1,1,1,1,1,1,1,0,1,1,0,1,0,6553,858,4,,0.0,871,1,1,1,1,0,1,1,0,1,240.0,no-action
859,1,1,1,1,1,1,0,1,1,1,1,1,1,1,1,0,1,1,0,1,0,6561,859,4,,0.0,872,1,1,1,1,0,1,1,0,1,1180.0,skip
860,1,1,1,1,1,1,0,1,1,1,1,1,1,1,1,0,1,1,0,1,0,6569,860,4,,0.0,873,1,1,1,1,0,1,1,0,1,1160.0,skip
861,1,1,1,1,0,1,0,1,1,1,1,1,1,0,1,0,1,1,0,0,1,6576,861,4,,0.0,874,1,1,1,0,1,0,1,0,1,1200.0,skip
862,1,1,1,1,0,1,0,1,1,1,1,1,1,0,1,0,1,1,0,0,1,6583,862,0,,0.0,875,1,1,1,0,1,0,1,0,1,260.0,skip
863,1,1,1,1,0,1,0,1,1,1,1,1,1,0,1,0,1,1,0,0,1,6590,863,0,,0.0,876,1,1,1,0,1,0,1,0,1,220.0,no-action
864,1,1,1,1,0,1,0,1,1,1,1,1,1,0,1,0,1,1,0,0,1,6597,864,0,,0.0,877,1,1,1,0,1,0,1,0,1,1140.0,skip
865,1,1,1,1,0,1,0,1,1,1,1,1,1,0,1,0,1,1,0,0,1,6604,865,4,,0.0,878,1,1,1,0,1,0,1,0,1,220.0,no-action
866,1,1,1,1,1,1,0,1,1,1,1,1,1,1,1,0,1,1,0,1,0,6612,866,4,,0.0,879,1,1,1,1,0,1,1,0,1,260.0,skip
867,1,1,1,1,1,1,0,1,1,1,1,1,1,1,1,0,1,1,0,1,0,6620,867,0,,0.0,88,1,1,1,1,0,1,1,0,1,240.0,no-action
868,1,1,1,1,0,1,0,1,1,1,1,1,1,0,1,0,1,1,0,0,1,6627,868,0,,0.0,880,1,1,1,0,1,0,1,0,1,200.0,no-action
869,1,1,1,1,1,1,0,1,1,1,1,1,1,1,1,0,1,1,0,1,0,6635,869,0,,0.0,881,1,1,1,1,0,1,1,0,1,220.0,no-action
870,1,1,1,1,1,1,0,1,1,1,1,1,1,1,1,0,1,1,0,1,0,6643,870,0,,0.0,882,1,1,1,1,0,1,1,0,1,240.0,no-action
871,1,1,1,1,1,1,0,1,1,1,1,1,1,1,1,0,1,1,0,1,0,6651,871,0,,0.0,883,1,1,1,1,0,1,1,0,1,220.0,no-action
872,1,1,1,1,1,1,0,1,1,1,1,1,1,1,1,0,1,1,0,1,0,6659,872,0,,0.0,884,1,1,1,1,0,1,1,0,1,200.0,no-action
873,1,1,1,1,1,1,0,1,1,1,1,1,1,1,1,0,1,1,0,1,0,6667,873,0,,0.0,885,1,1,1,1,0,1,1,0,1,240.0,no-action
874,1,1,1,1,0,1,0,1,1,1,1,1,1,0,1,0,1,1,0,0,1,6674,874,0,,0.0,886,1,1,1,0,1,0,1,0,1,260.0,skip
875,1,1,1,1,1,1,0,1,1,1,1,1,1,1,1,0,1,1,0,1,0,6682,875,0,,0.0,887,1,1,1,1,0,1,1,0,1,4060.0,skip
876,1,1,1,1,1,1,1,1,1,1,1,1,1,1,1,1,1,1,1,0,0,6691,876,0,Inserted_Activity_resource,30.0,888,1,1,1,1,0,1,1,1,1,4020.0,skip
877,1,1,1,1,1,1,0,1,1,1,1,1,1,1,1,0,1,1,0,1,0,6699,877,0,,0.0,889,1,1,1,1,0,1,1,0,1,4060.0,skip
878,1,1,1,1,1,1,0,1,1,1,1,1,1,1,1,0,1,1,0,1,0,6707,878,0,,0.0,89,1,1,1,1,0,1,1,0,1,260.0,skip
879,1,1,1,1,0,1,0,1,1,1,1,1,1,0,1,0,1,1,0,0,1,6714,879,0,,0.0,890,1,1,1,0,1,0,1,0,1,240.0,no-action
880,1,1,1,1,0,1,0,1,1,1,1,1,1,0,1,0,1,1,0,0,1,6721,880,1,,0.0,891,1,1,1,0,1,0,1,0,1,4040.0,skip
881,1,1,1,1,0,1,0,1,1,1,1,1,1,0,1,0,1,1,0,0,1,6728,881,1,,0.0,892,1,1,1,0,1,0,1,0,1,220.0,no-action
882,1,1,1,1,0,1,0,1,1,1,1,1,1,0,1,0,1,1,0,0,1,6735,882,1,,0.0,893,1,1,1,0,1,0,1,0,1,240.0,no-action
883,1,1,1,1,1,1,0,1,1,1,1,1,1,1,1,0,1,1,0,1,0,6743,883,0,,0.0,894,1,1,1,1,0,1,1,0,1,220.0,no-action
884,1,1,1,1,1,1,0,1,1,1,1,1,1,1,1,0,1,1,0,1,0,6751,884,0,,0.0,895,1,1,1,1,0,1,1,0,1,200.0,no-action
885,1,1,1,1,0,1,0,1,1,1,1,1,1,0,1,0,1,1,0,0,1,6758,885,1,,0.0,896,1,1,1,0,1,0,1,0,1,240.0,no-action
886,1,1,1,1,1,1,0,1,1,1,1,1,1,1,1,0,1,1,0,1,0,6766,886,1,,0.0,897,1,1,1,1,0,1,1,0,1,260.0,skip
887,1,1,1,1,0,1,0,1,1,1,1,1,1,0,1,0,1,1,0,0,1,6773,887,1,,0.0,898,1,1,1,0,1,0,1,0,1,220.0,no-action
888,1,1,1,1,1,1,0,1,1,1,1,1,1,1,1,0,1,1,0,1,0,6781,888,1,,0.0,899,1,1,1,1,0,1,1,0,1,210.0,insert
889,1,1,1,1,1,1,0,1,1,1,1,1,1,1,1,0,1,1,0,1,0,6789,889,0,,0.0,9,1,1,1,1,0,1,1,0,1,220.0,no-action
890,1,1,1,1,1,1,0,1,1,1,1,1,1,1,1,0,1,1,0,1,0,6797,890,0,,0.0,90,1,1,1,1,0,1,1,0,1,260.0,skip
891,1,1,1,1,1,1,1,1,1,1,1,1,1,1,1,1,1,1,1,0,0,6806,891,1,Inserted_Activity_resource,30.0,900,1,1,1,1,0,1,1,1,1,1200.0,skip
892,1,1,1,1,1,1,0,1,1,1,1,1,1,1,1,0,1,1,0,1,0,6814,892,1,,0.0,901,1,1,1,1,0,1,1,0,1,1160.0,skip
893,1,1,1,1,0,1,0,1,1,1,1,1,1,0,1,0,1,1,0,0,1,6821,893,1,,0.0,902,1,1,1,0,1,0,1,0,1,1180.0,skip
894,1,1,1,1,1,1,0,1,1,1,1,1,1,1,1,0,1,1,0,1,0,6829,894,1,,0.0,903,1,1,1,1,0,1,1,0,1,240.0,no-action
895,1,1,1,1,1,1,0,1,1,1,1,1,1,1,1,0,1,1,0,1,0,6837,895,1,,0.0,904,1,1,1,1,0,1,1,0,1,220.0,no-action
896,1,1,1,1,1,1,0,1,1,1,1,1,1,1,1,0,1,1,0,1,0,6845,896,1,,0.0,905,1,1,1,1,0,1,1,0,1,1160.0,skip
897,1,1,1,1,1,1,0,1,1,1,1,1,1,1,1,0,1,1,0,1,0,6853,897,1,,0.0,906,1,1,1,1,0,1,1,0,1,240.0,no-action
898,1,1,1,1,0,1,0,1,1,1,1,1,1,0,1,0,1,1,0,0,1,6860,898,2,,0.0,907,1,1,1,0,1,0,1,0,1,260.0,skip
899,1,1,1,1,0,1,0,1,1,1,1,1,1,0,1,0,1,1,0,0,1,6867,899,2,,0.0,908,1,1,1,0,1,0,1,0,1,220.0,no-action
900,1,1,1,1,0,1,0,1,1,1,1,1,1,0,1,0,1,1,0,0,1,6874,900,2,,0.0,909,1,1,1,0,1,0,1,0,1,210.0,insert
901,1,1,1,1,0,1,0,1,1,1,1,1,1,0,1,0,1,1,0,0,1,6881,901,1,,0.0,91,1,1,1,0,1,0,1,0,1,220.0,no-action
902,1,1,1,1,0,1,0,1,1,1,1,1,1,0,1,0,1,1,0,0,1,6888,902,1,,0.0,910,1,1,1,0,1,0,1,0,1,260.0,skip
903,1,1,1,1,1,1,0,1,1,1,1,1,1,1,1,0,1,1,0,1,0,6896,903,1,,0.0,911,1,1,1,1,0,1,1,0,1,240.0,no-action
904,1,1,1,1,0,1,0,1,1,1,1,1,1,0,1,0,1,1,0,0,1,6903,904,2,,0.0,912,1,1,1,0,1,0,1,0,1,200.0,no-action
905,1,1,1,1,1,1,0,1,1,1,1,1,1,1,1,0,1,1,0,1,0,6911,905,2,,0.0,913,1,1,1,1,0,1,1,0,1,220.0,no-action
906,1,1,1,1,0,1,0,1,1,1,1,1,1,0,1,0,1,1,0,0,1,6918,906,2,,0.0,914,1,1,1,0,1,0,1,0,1,240.0,no-action
907,1,1,1,1,1,1,0,1,1,1,1,1,1,1,1,0,1,1,0,1,0,6926,907,2,,0.0,915,1,1,1,1,0,1,1,0,1,1180.0,skip
908,1,1,1,1,1,1,0,1,1,1,1,1,1,1,1,0,1,1,0,1,0,6934,908,2,,0.0,916,1,1,1,1,0,1,1,0,1,1160.0,skip
909,1,1,1,1,1,1,0,1,1,1,1,1,1,1,1,0,1,1,0,1,0,6942,909,2,,0.0,917,1,1,1,1,0,1,1,0,1,1200.0,skip
910,1,1,1,1,1,1,0,1,1,1,1,1,1,1,1,0,1,1,0,1,0,6950,910,2,,0.0,918,1,1,1,1,0,1,1,0,1,260.0,skip
911,1,1,1,1,1,1,0,1,1,1,1,1,1,1,1,0,1,1,0,1,0,6958,911,2,,0.0,919,1,1,1,1,0,1,1,0,1,220.0,no-action
912,1,1,1,1,0,1,0,1,1,1,1,1,1,0,1,0,1,1,0,0,1,6965,912,1,,0.0,92,1,1,1,0,1,0,1,0,1,1140.0,skip
913,1,1,1,1,1,1,0,1,1,1,1,1,1,1,1,0,1,1,0,1,0,6973,913,2,,0.0,920,1,1,1,1,0,1,1,0,1,220.0,no-action
914,1,1,1,1,1,1,0,1,1,1,1,1,1,1,1,0,1,1,0,1,0,6981,914,2,,0.0,921,1,1,1,1,0,1,1,0,1,260.0,skip
915,1,1,1,1,0,1,0,1,1,1,1,1,1,0,1,0,1,1,0,0,1,6988,915,2,,0.0,922,1,1,1,0,1,0,1,0,1,240.0,no-action
916,1,1,1,1,0,1,0,1,1,1,1,1,1,0,1,0,1,1,0,0,1,6995,916,3,,0.0,923,1,1,1,0,1,0,1,0,1,200.0,no-action
917,1,1,1,1,0,1,0,1,1,1,1,1,1,0,1,0,1,1,0,0,1,7002,917,3,,0.0,924,1,1,1,0,1,0,1,0,1,220.0,no-action
918,1,1,1,1,0,1,0,1,1,1,1,1,1,0,1,0,1,1,0,0,1,7009,918,3,,0.0,925,1,1,1,0,1,0,1,0,1,240.0,no-action
919,1,1,1,1,0,1,0,1,1,1,1,1,1,0,1,0,1,1,0,0,1,7016,919,2,,0.0,926,1,1,1,0,1,0,1,0,1,220.0,no-action
920,1,1,1,1,1,1,0,1,1,1,1,1,1,1,1,0,1,1,0,1,0,7024,920,2,,0.0,927,1,1,1,1,0,1,1,0,1,200.0,no-action
921,1,1,1,1,0,1,0,1,1,1,1,1,1,0,1,0,1,1,0,0,1,7031,921,3,,0.0,928,1,1,1,0,1,0,1,0,1,240.0,no-action
922,1,1,1,1,1,1,0,1,1,1,1,1,1,1,1,0,1,1,0,1,0,7039,922,3,,0.0,929,1,1,1,1,0,1,1,0,1,260.0,skip
923,1,1,1,1,0,1,0,1,1,1,1,1,1,0,1,0,1,1,0,0,1,7046,923,1,,0.0,93,1,1,1,0,1,0,1,0,1,1180.0,skip
924,1,1,1,1,1,1,0,1,1,1,1,1,1,1,1,0,1,1,0,1,0,7054,924,3,,0.0,930,1,1,1,1,0,1,1,0,1,1140.0,skip
925,1,1,1,1,1,1,0,1,1,1,1,1,1,1,1,0,1,1,0,1,0,7062,925,3,,0.0,931,1,1,1,1,0,1,1,0,1,1180.0,skip
926,1,1,1,1,1,1,0,1,1,1,1,1,1,1,1,0,1,1,0,1,0,7070,926,3,,0.0,932,1,1,1,1,0,1,1,0,1,260.0,skip
927,1,1,1,1,1,1,0,1,1,1,1,1,1,1,1,0,1,1,0,1,0,7078,927,3,,0.0,933,1,1,1,1,0,1,1,0,1,240.0,no-action
928,1,1,1,1,0,1,0,1,1,1,1,1,1,0,1,0,1,1,0,0,1,7085,928,3,,0.0,934,1,1,1,0,1,0,1,0,1,1160.0,skip
929,1,1,1,1,1,1,0,1,1,1,1,1,1,1,1,0,1,1,0,1,0,7093,929,3,,0.0,935,1,1,1,1,0,1,1,0,1,220.0,no-action
930,1,1,1,1,1,1,1,1,1,1,1,1,1,1,1,1,1,1,1,0,0,7102,930,3,Inserted_Activity_resource,30.0,936,1,1,1,1,0,1,1,1,1,240.0,no-action
931,1,1,1,1,1,1,0,1,1,1,1,1,1,1,1,0,1,1,0,1,0,7110,931,3,,0.0,937,1,1,1,1,0,1,1,0,1,220.0,no-action
932,1,1,1,1,0,1,0,1,1,1,1,1,1,0,1,0,1,1,0,0,1,7117,932,3,,0.0,938,1,1,1,0,1,0,1,0,1,200.0,no-action
933,1,1,1,1,0,1,0,1,1,1,1,1,1,0,1,0,1,1,0,0,1,7124,933,4,,0.0,939,1,1,1,0,1,0,1,0,1,240.0,no-action
934,1,1,1,1,0,1,0,1,1,1,1,1,1,0,1,0,1,1,0,0,1,7131,934,0,,0.0,94,1,1,1,0,1,0,1,0,1,260.0,skip
935,1,1,1,1,0,1,0,1,1,1,1,1,1,0,1,0,1,1,0,0,1,7138,935,4,,0.0,940,1,1,1,0,1,0,1,0,1,220.0,no-action
936,1,1,1,1,0,1,0,1,1,1,1,1,1,0,1,0,1,1,0,0,1,7145,936,4,,0.0,941,1,1,1,0,1,0,1,0,1,210.0,insert
937,1,1,1,1,1,1,0,1,1,1,1,1,1,1,1,0,1,1,0,1,0,7153,937,3,,0.0,942,1,1,1,1,0,1,1,0,1,220.0,no-action
938,1,1,1,1,1,1,0,1,1,1,1,1,1,1,1,0,1,1,0,1,0,7161,938,3,,0.0,943,1,1,1,1,0,1,1,0,1,260.0,skip
939,1,1,1,1,0,1,0,1,1,1,1,1,1,0,1,0,1,1,0,0,1,7168,939,4,,0.0,944,1,1,1,0,1,0,1,0,1,1200.0,skip
940,1,1,1,1,1,1,0,1,1,1,1,1,1,1,1,0,1,1,0,1,0,7176,940,4,,0.0,945,1,1,1,1,0,1,1,0,1,1160.0,skip
941,1,1,1,1,0,1,0,1,1,1,1,1,1,0,1,0,1,1,0,0,1,7183,941,4,,0.0,946,1,1,1,0,1,0,1,0,1,1180.0,skip
942,1,1,1,1,1,1,0,1,1,1,1,1,1,1,1,0,1,1,0,1,0,7191,942,4,,0.0,947,1,1,1,1,0,1,1,0,1,240.0,no-action
943,1,1,1,1,1,1,1,1,1,1,1,1,1,1,1,1,1,1,1,0,0,7200,943,4,Inserted_Activity_resource,30.0,948,1,1,1,1,0,1,1,1,1,220.0,no-action
944,1,1,1,1,1,1,0,1,1,1,1,1,1,1,1,0,1,1,0,1,0,7208,944,4,,0.0,949,1,1,1,1,0,1,1,0,1,1160.0,skip
945,1,1,1,1,1,1,0,1,1,1,1,1,1,1,1,0,1,1,0,1,0,7216,945,0,,0.0,95,1,1,1,1,0,1,1,0,1,240.0,no-action
946,1,1,1,1,0,1,0,1,1,1,1,1,1,0,1,0,1,1,0,0,1,7223,946,4,,0.0,950,1,1,1,0,1,0,1,0,1,260.0,skip
947,1,1,1,1,1,1,0,1,1,1,1,1,1,1,1,0,1,1,0,1,0,7231,947,4,,0.0,951,1,1,1,1,0,1,1,0,1,220.0,no-action
948,1,1,1,1,1,1,0,1,1,1,1,1,1,1,1,0,1,1,0,1,0,7239,948,4,,0.0,952,1,1,1,1,0,1,1,0,1,210.0,insert
949,1,1,1,1,1,1,0,1,1,1,1,1,1,1,1,0,1,1,0,1,0,7247,949,4,,0.0,953,1,1,1,1,0,1,1,0,1,220.0,no-action
950,1,1,1,1,1,1,0,1,1,1,1,1,1,1,1,0,1,1,0,1,0,7255,950,4,,0.0,954,1,1,1,1,0,1,1,0,1,260.0,skip
951,1,1,1,1,0,1,0,1,1,1,1,1,1,0,1,0,1,1,0,0,1,7262,951,0,,0.0,955,1,1,1,0,1,0,1,0,1,240.0,no-action
952,1,1,1,1,0,1,0,1,1,1,1,1,1,0,1,0,1,1,0,0,1,7269,952,0,,0.0,956,1,1,1,0,1,0,1,0,1,200.0,no-action
953,1,1,1,1,0,1,0,1,1,1,1,1,1,0,1,0,1,1,0,0,1,7276,953,0,,0.0,957,1,1,1,0,1,0,1,0,1,220.0,no-action
954,1,1,1,1,0,1,0,1,1,1,1,1,1,0,1,0,1,1,0,0,1,7283,954,4,,0.0,958,1,1,1,0,1,0,1,0,1,240.0,no-action
955,1,1,1,1,1,1,0,1,1,1,1,1,1,1,1,0,1,1,0,1,0,7291,955,4,,0.0,959,1,1,1,1,0,1,1,0,1,4060.0,skip
956,1,1,1,1,0,1,0,1,1,1,1,1,1,0,1,0,1,1,0,0,1,7298,956,1,,0.0,96,1,1,1,0,1,0,1,0,1,4040.0,skip
957,1,1,1,1,0,1,0,1,1,1,1,1,1,0,1,0,1,1,0,0,1,7305,957,0,,0.0,960,1,1,1,0,1,0,1,0,1,4080.0,skip
958,1,1,1,1,1,1,0,1,1,1,1,1,1,1,1,0,1,1,0,1,0,7313,958,0,,0.0,961,1,1,1,1,0,1,1,0,1,260.0,skip
959,1,1,1,1,0,1,0,1,1,1,1,1,1,0,1,0,1,1,0,0,1,7320,959,0,,0.0,962,1,1,1,0,1,0,1,0,1,220.0,no-action
960,1,1,1,1,1,1,0,1,1,1,1,1,1,1,1,0,1,1,0,1,0,7328,960,0,,0.0,963,1,1,1,1,0,1,1,0,1,4020.0,skip
961,1,1,1,1,1,1,0,1,1,1,1,1,1,1,1,0,1,1,0,1,0,7336,961,0,,0.0,964,1,1,1,1,0,1,1,0,1,220.0,no-action
962,1,1,1,1,1,1,0,1,1,1,1,1,1,1,1,0,1,1,0,1,0,7344,962,0,,0.0,965,1,1,1,1,0,1,1,0,1,260.0,skip
963,1,1,1,1,1,1,0,1,1,1,1,1,1,1,1,0,1,1,0,1,0,7352,963,0,,0.0,966,1,1,1,1,0,1,1,0,1,240.0,no-action
964,1,1,1,1,1,1,0,1,1,1,1,1,1,1,1,0,1,1,0,1,0,7360,964,0,,0.0,967,1,1,1,1,0,1,1,0,1,200.0,no-action
965,1,1,1,1,1,1,0,1,1,1,1,1,1,1,1,0,1,1,0,1,0,7368,965,0,,0.0,968,1,1,1,1,0,1,1,0,1,220.0,no-action
966,1,1,1,1,1,1,0,1,1,1,1,1,1,1,1,0,1,1,0,1,0,7376,966,0,,0.0,969,1,1,1,1,0,1,1,0,1,240.0,no-action
967,1,1,1,1,1,1,0,1,1,1,1,1,1,1,1,0,1,1,0,1,0,7384,967,1,,0.0,97,1,1,1,1,0,1,1,0,1,220.0,no-action
968,1,1,1,1,0,1,0,1,1,1,1,1,1,0,1,0,1,1,0,0,1,7391,968,0,,0.0,970,1,1,1,0,1,0,1,0,1,200.0,no-action
969,1,1,1,1,0,1,0,1,1,1,1,1,1,0,1,0,1,1,0,0,1,7398,969,1,,0.0,971,1,1,1,0,1,0,1,0,1,240.0,no-action
970,1,1,1,1,0,1,0,1,1,1,1,1,1,0,1,0,1,1,0,0,1,7405,970,1,,0.0,972,1,1,1,0,1,0,1,0,1,260.0,skip
971,1,1,1,1,0,1,0,1,1,1,1,1,1,0,1,0,1,1,0,0,1,7412,971,1,,0.0,973,1,1,1,0,1,0,1,0,1,1180.0,skip
972,1,1,1,1,0,1,0,1,1,1,1,1,1,0,1,0,1,1,0,0,1,7419,972,0,,0.0,974,1,1,1,0,1,0,1,0,1,1140.0,skip
973,1,1,1,1,1,1,0,1,1,1,1,1,1,1,1,0,1,1,0,1,0,7427,973,0,,0.0,975,1,1,1,1,0,1,1,0,1,1180.0,skip
974,1,1,1,1,0,1,0,1,1,1,1,1,1,0,1,0,1,1,0,0,1,7434,974,1,,0.0,976,1,1,1,0,1,0,1,0,1,260.0,skip
975,1,1,1,1,1,1,0,1,1,1,1,1,1,1,1,0,1,1,0,1,0,7442,975,1,,0.0,977,1,1,1,1,0,1,1,0,1,240.0,no-action
976,1,1,1,1,1,1,0,1,1,1,1,1,1,1,1,0,1,1,0,1,0,7450,976,1,,0.0,978,1,1,1,1,0,1,1,0,1,1160.0,skip
977,1,1,1,1,1,1,0,1,1,1,1,1,1,1,1,0,1,1,0,1,0,7458,977,1,,0.0,979,1,1,1,1,0,1,1,0,1,220.0,no-action
978,1,1,1,1,0,1,0,1,1,1,1,1,1,0,1,0,1,1,0,0,1,7465,978,1,,0.0,98,1,1,1,0,1,0,1,0,1,240.0,no-action
979,1,1,1,1,1,1,0,1,1,1,1,1,1,1,1,0,1,1,0,1,0,7473,979,1,,0.0,980,1,1,1,1,0,1,1,0,1,220.0,no-action
980,1,1,1,1,1,1,0,1,1,1,1,1,1,1,1,0,1,1,0,1,0,7481,980,1,,0.0,981,1,1,1,1,0,1,1,0,1,200.0,no-action
981,1,1,1,1,0,1,0,1,1,1,1,1,1,0,1,0,1,1,0,0,1,7488,981,1,,0.0,982,1,1,1,0,1,0,1,0,1,240.0,no-action
982,1,1,1,1,1,1,0,1,1,1,1,1,1,1,1,0,1,1,0,1,0,7496,982,1,,0.0,983,1,1,1,1,0,1,1,0,1,260.0,skip
983,1,1,1,1,1,1,1,1,1,1,1,1,1,1,1,1,1,1,1,0,0,7505,983,1,Inserted_Activity_resource,30.0,984,1,1,1,1,0,1,1,1,1,220.0,no-action
984,1,1,1,1,1,1,0,1,1,1,1,1,1,1,1,0,1,1,0,1,0,7513,984,1,,0.0,985,1,1,1,1,0,1,1,0,1,210.0,insert
985,1,1,1,1,0,1,0,1,1,1,1,1,1,0,1,0,1,1,0,0,1,7520,985,1,,0.0,986,1,1,1,0,1,0,1,0,1,220.0,no-action
986,1,1,1,1,0,1,0,1,1,1,1,1,1,0,1,0,1,1,0,0,1,7527,986,2,,0.0,987,1,1,1,0,1,0,1,0,1,260.0,skip
987,1,1,1,1,0,1,0,1,1,1,1,1,1,0,1,0,1,1,0,0,1,7534,987,2,,0.0,988,1,1,1,0,1,0,1,0,1,1200.0,skip
988,1,1,1,1,0,1,0,1,1,1,1,1,1,0,1,0,1,1,0,0,1,7541,988,2,,0.0,989,1,1,1,0,1,0,1,0,1,1160.0,skip
989,1,1,1,1,1,1,0,1,1,1,1,1,1,1,1,0,1,1,0,1,0,7549,989,1,,0.0,99,1,1,1,1,0,1,1,0,1,1180.0,skip
990,1,1,1,1,1,1,0,1,1,1,1,1,1,1,1,0,1,1,0,1,0,7557,990,1,,0.0,990,1,1,1,1,0,1,1,0,1,240.0,no-action
991,1,1,1,1,1,1,0,1,1,1,1,1,1,1,1,0,1,1,0,1,0,7565,991,1,,0.0,991,1,1,1,1,0,1,1,0,1,220.0,no-action
992,1,1,1,1,0,1,0,1,1,1,1,1,1,0,1,0,1,1,0,0,1,7572,992,2,,0.0,992,1,1,1,0,1,0,1,0,1,1160.0,skip
993,1,1,1,1,1,1,0,1,1,1,1,1,1,1,1,0,1,1,0,1,0,7580,993,2,,0.0,993,1,1,1,1,0,1,1,0,1,240.0,no-action
994,1,1,1,1,0,1,0,1,1,1,1,1,1,0,1,0,1,1,0,0,1,7587,994,2,,0.0,994,1,1,1,0,1,0,1,0,1,260.0,skip
995,1,1,1,1,1,1,0,1,1,1,1,1,1,1,1,0,1,1,0,1,0,7595,995,2,,0.0,995,1,1,1,1,0,1,1,0,1,220.0,no-action
996,1,1,1,1,1,1,1,1,1,1,1,1,1,1,1,1,1,1,1,0,0,7604,996,2,Inserted_Activity_resource,30.0,996,1,1,1,1,0,1,1,1,1,210.0,insert
997,1,1,1,1,1,1,0,1,1,1,1,1,1,1,1,0,1,1,0,1,0,7612,997,2,,0.0,997,1,1,1,1,0,1,1,0,1,220.0,no-action
998,1,1,1,1,0,1,0,1,1,1,1,1,1,0,1,0,1,1,0,0,1,7619,998,2,,0.0,998,1,1,1,0,1,0,1,0,1,260.0,skip
999,1,1,1,1,1,1,0,1,1,1,1,1,1,1,1,0,1,1,0,1,0,7627,999,2,,0.0,999,1,1,1,1,0,1,1,0,1,240.0,no-action
