trace_id,event:concept:name@A,event:concept:name@B,event:concept:name@C,event:concept:name@D,event:concept:name@E,event:concept:name@F,event:concept:name@process end event,event:concept:name@process start event,event:event_name@A,event:event_name@B,event:event_name@C,event:event_name@D,event:event_name@E,event:event_name@F,event:event_name@process end event,event:event_name@process start event,event:@@index,event:start_weekday,event:trace_id,event:resource,event:duration,succession:concept:name@A#B,succession:concept:name@B#C,succession:concept:name@C#D,succession:concept:name@D#E,succession:concept:name@D#F,succession:concept:name@E#F,succession:concept:name@F#process end event,succession:concept:name@process start event#A,trace:cycle_time,adapted
0,1,1,1,1,1,1,1,1,1,1,1,1,1,1,1,1,7,0,0,,0.0,1,1,1,1,0,1,1,1,181.07310545,False
1,1,1,1,1,1,1,1,1,1,1,1,1,1,1,1,1,15,0,1,,0.0,1,1,1,1,0,1,1,1,221.03844581666667,False
2,1,1,1,1,0,1,1,1,1,1,1,1,0,1,1,1,85,0,10,,0.0,1,1,1,0,1,0,1,1,290.2276432333333,True
3,1,1,1,1,1,1,1,1,1,1,1,1,1,1,1,1,768,1,100,,0.0,1,1,1,1,0,1,1,1,240.05684208333332,False
4,1,1,1,1,1,1,1,1,1,1,1,1,1,1,1,1,776,1,101,,0.0,1,1,1,1,0,1,1,1,198.28049398333334,False
5,1,1,1,1,1,1,1,1,1,1,1,1,1,1,1,1,784,1,102,,0.0,1,1,1,1,0,1,1,1,225.45624401666666,False
6,1,1,1,1,1,1,1,1,1,1,1,1,1,1,1,1,792,1,103,,0.0,1,1,1,1,0,1,1,1,229.93501346666667,False
7,1,1,1,1,1,1,1,1,1,1,1,1,1,1,1,1,800,1,104,,0.0,1,1,1,1,0,1,1,1,228.04434566666666,False
8,1,1,1,1,1,1,1,1,1,1,1,1,1,1,1,1,808,1,105,,0.0,1,1,1,1,0,1,1,1,203.25947431666665,False
9,1,1,1,1,0,1,1,1,1,1,1,1,0,1,1,1,815,1,106,,0.0,1,1,1,0,1,0,1,1,249.27973618333334,False
10,1,1,1,1,0,1,1,1,1,1,1,1,0,1,1,1,822,2,107,,0.0,1,1,1,0,1,0,1,1,296.8858742,True
11,1,1,1,1,0,1,1,1,1,1,1,1,0,1,1,1,829,2,108,,0.0,1,1,1,0,1,0,1,1,1259.3062007333333,True
12,1,1,1,1,0,1,1,1,1,1,1,1,0,1,1,1,836,2,109,,0.0,1,1,1,0,1,0,1,1,2244.9735998333335,True
13,1,1,1,1,0,1,1,1,1,1,1,1,0,1,1,1,92,1,11,,0.0,1,1,1,0,1,0,1,1,1373.2198355,True
14,1,1,1,1,0,1,1,1,1,1,1,1,0,1,1,1,843,1,110,,0.0,1,1,1,0,1,0,1,1,291.22455405,True
15,1,1,1,1,1,1,1,1,1,1,1,1,1,1,1,1,851,1,111,,0.0,1,1,1,1,0,1,1,1,233.4987114,False
16,1,1,1,1,0,1,1,1,1,1,1,1,0,1,1,1,858,2,112,,0.0,1,1,1,0,1,0,1,1,1132.0285119833334,True
17,1,1,1,1,1,1,1,1,1,1,1,1,1,1,1,1,866,2,113,,0.0,1,1,1,1,0,1,1,1,216.07855865,False
18,1,1,1,1,1,1,1,1,1,1,1,1,1,1,1,1,874,2,114,,0.0,1,1,1,1,0,1,1,1,234.51400126666667,False
19,1,1,1,1,1,1,1,1,1,1,1,1,1,1,1,1,882,2,115,,0.0,1,1,1,1,0,1,1,1,217.7193272,False
20,1,1,1,1,1,1,1,1,1,1,1,1,1,1,1,1,890,2,116,,0.0,1,1,1,1,0,1,1,1,195.11773835,False
21,1,1,1,1,1,1,1,1,1,1,1,1,1,1,1,1,898,2,117,,0.0,1,1,1,1,0,1,1,1,237.15698986666666,False
22,1,1,1,1,0,1,1,1,1,1,1,1,0,1,1,1,905,2,118,,0.0,1,1,1,0,1,0,1,1,291.6115181833333,True
23,1,1,1,1,1,1,1,1,1,1,1,1,1,1,1,1,913,2,119,,0.0,1,1,1,1,0,1,1,1,213.41462863333334,False
24,1,1,1,1,0,1,1,1,1,1,1,1,0,1,1,1,99,2,12,,0.0,1,1,1,0,1,0,1,1,183.5229633,False
25,1,1,1,1,1,1,1,1,1,1,1,1,1,1,1,1,921,2,120,,0.0,1,1,1,1,0,1,1,1,211.60659855,False
26,1,1,1,1,1,1,1,1,1,1,1,1,1,1,1,1,929,2,121,,0.0,1,1,1,1,0,1,1,1,293.21822288333334,True
27,1,1,1,1,1,1,1,1,1,1,1,1,1,1,1,1,937,2,122,,0.0,1,1,1,1,0,1,1,1,1259.6468409333334,True
28,1,1,1,1,0,1,1,1,1,1,1,1,0,1,1,1,944,3,123,,0.0,1,1,1,0,1,0,1,1,2067.1471916666665,True
29,1,1,1,1,0,1,1,1,1,1,1,1,0,1,1,1,951,4,124,,0.0,1,1,1,0,1,0,1,1,1192.1102074166668,True
30,1,1,1,1,0,1,1,1,1,1,1,1,0,1,1,1,958,3,125,,0.0,1,1,1,0,1,0,1,1,239.7363846,False
31,1,1,1,1,1,1,1,1,1,1,1,1,1,1,1,1,966,2,126,,0.0,1,1,1,1,0,1,1,1,215.16461468333333,False
32,1,1,1,1,1,1,1,1,1,1,1,1,1,1,1,1,974,2,127,,0.0,1,1,1,1,0,1,1,1,1001.6986863,True
33,1,1,1,1,0,1,1,1,1,1,1,1,0,1,1,1,981,3,128,,0.0,1,1,1,0,1,0,1,1,234.00207946666666,False
34,1,1,1,1,1,1,1,1,1,1,1,1,1,1,1,1,989,3,129,,0.0,1,1,1,1,0,1,1,1,242.01719266666666,False
35,1,1,1,1,0,1,1,1,1,1,1,1,0,1,1,1,106,1,13,,0.0,1,1,1,0,1,0,1,1,217.98250151666667,False
36,1,1,1,1,0,1,1,1,1,1,1,1,0,1,1,1,996,3,130,,0.0,1,1,1,0,1,0,1,1,168.3861799,False
37,1,1,1,1,1,1,1,1,1,1,1,1,1,1,1,1,1004,3,131,,0.0,1,1,1,1,0,1,1,1,231.43167546666666,False
38,1,1,1,1,1,1,1,1,1,1,1,1,1,1,1,1,1012,3,132,,0.0,1,1,1,1,0,1,1,1,293.5782780833333,True
39,1,1,1,1,1,1,1,1,1,1,1,1,1,1,1,1,1020,3,133,,0.0,1,1,1,1,0,1,1,1,244.38444195,False
40,1,1,1,1,0,1,1,1,1,1,1,1,0,1,1,1,1027,3,134,,0.0,1,1,1,0,1,0,1,1,201.70385265,False
41,1,1,1,1,1,1,1,1,1,1,1,1,1,1,1,1,1035,3,135,,0.0,1,1,1,1,0,1,1,1,233.84785783333334,False
42,1,1,1,1,1,1,1,1,1,1,1,1,1,1,1,1,1043,3,136,,0.0,1,1,1,1,0,1,1,1,240.81113095,False
43,1,1,1,1,1,1,1,1,1,1,1,1,1,1,1,1,1051,3,137,,0.0,1,1,1,1,0,1,1,1,1177.3307792333333,True
44,1,1,1,1,1,1,1,1,1,1,1,1,1,1,1,1,1059,3,138,,0.0,1,1,1,1,0,1,1,1,2220.8808186666665,True
45,1,1,1,1,0,1,1,1,1,1,1,1,0,1,1,1,1066,4,139,,0.0,1,1,1,0,1,0,1,1,1346.0908641333333,True
46,1,1,1,1,0,1,1,1,1,1,1,1,0,1,1,1,113,0,14,,0.0,1,1,1,0,1,0,1,1,282.68279105,True
47,1,1,1,1,0,1,1,1,1,1,1,1,0,1,1,1,1073,4,140,,0.0,1,1,1,0,1,0,1,1,227.20429591666667,False
48,1,1,1,1,0,1,1,1,1,1,1,1,0,1,1,1,1080,4,141,,0.0,1,1,1,0,1,0,1,1,1188.7400497,True
49,1,1,1,1,0,1,1,1,1,1,1,1,0,1,1,1,1087,3,142,,0.0,1,1,1,0,1,0,1,1,220.8848614,False
50,1,1,1,1,1,1,1,1,1,1,1,1,1,1,1,1,1095,3,143,,0.0,1,1,1,1,0,1,1,1,293.90744401666666,True
51,1,1,1,1,0,1,1,1,1,1,1,1,0,1,1,1,1102,4,144,,0.0,1,1,1,0,1,0,1,1,234.88459815,False
52,1,1,1,1,1,1,1,1,1,1,1,1,1,1,1,1,1110,4,145,,0.0,1,1,1,1,0,1,1,1,198.57318761666667,False
53,1,1,1,1,0,1,1,1,1,1,1,1,0,1,1,1,1117,4,146,,0.0,1,1,1,0,1,0,1,1,217.40169555,False
54,1,1,1,1,0,1,1,1,1,1,1,1,0,1,1,1,1124,4,147,,0.0,1,1,1,0,1,0,1,1,244.9697761,False
55,1,1,1,1,1,1,1,1,1,1,1,1,1,1,1,1,1132,4,148,,0.0,1,1,1,1,0,1,1,1,228.26907476666668,False
56,1,1,1,1,1,1,1,1,1,1,1,1,1,1,1,1,1140,4,149,,0.0,1,1,1,1,0,1,1,1,203.74278958333332,False
57,1,1,1,1,1,1,1,1,1,1,1,1,1,1,1,1,121,0,15,,0.0,1,1,1,1,0,1,1,1,244.56541855,False
58,1,1,1,1,1,1,1,1,1,1,1,1,1,1,1,1,1148,4,150,,0.0,1,1,1,1,0,1,1,1,301.8410633166667,True
59,1,1,1,1,1,1,1,1,1,1,1,1,1,1,1,1,1156,4,151,,0.0,1,1,1,1,0,1,1,1,1150.4756714833334,True
60,1,1,1,1,1,1,1,1,1,1,1,1,1,1,1,1,1164,4,152,,0.0,1,1,1,1,0,1,1,1,2211.287026666667,True
61,1,1,1,1,1,1,1,1,1,1,1,1,1,1,1,1,1172,4,153,,0.0,1,1,1,1,0,1,1,1,1205.0005095333333,True
62,1,1,1,1,0,1,1,1,1,1,1,1,0,1,1,1,1179,4,154,,0.0,1,1,1,0,1,0,1,1,296.3048881666667,True
63,1,1,1,1,0,1,1,1,1,1,1,1,0,1,1,1,1186,0,155,,0.0,1,1,1,0,1,0,1,1,243.24822525,False
64,1,1,1,1,0,1,1,1,1,1,1,1,0,1,1,1,1193,3,156,,0.0,1,1,1,0,1,0,1,1,1193.7865884333332,True
65,1,1,1,1,0,1,1,1,1,1,1,1,0,1,1,1,1200,0,157,,0.0,1,1,1,0,1,0,1,1,224.0634557,False
66,1,1,1,1,0,1,1,1,1,1,1,1,0,1,1,1,1207,4,158,,0.0,1,1,1,0,1,0,1,1,234.64376898333333,False
67,1,1,1,1,1,1,1,1,1,1,1,1,1,1,1,1,1215,4,159,,0.0,1,1,1,1,0,1,1,1,224.24726175,False
68,1,1,1,1,0,1,1,1,1,1,1,1,0,1,1,1,128,1,16,,0.0,1,1,1,0,1,0,1,1,203.16020428333334,False
69,1,1,1,1,0,1,1,1,1,1,1,1,0,1,1,1,1222,0,160,,0.0,1,1,1,0,1,0,1,1,236.60137868333334,False
70,1,1,1,1,1,1,1,1,1,1,1,1,1,1,1,1,1230,0,161,,0.0,1,1,1,1,0,1,1,1,238.54425621666667,False
71,1,1,1,1,0,1,1,1,1,1,1,1,0,1,1,1,1237,0,162,,0.0,1,1,1,0,1,0,1,1,217.63078428333333,False
72,1,1,1,1,1,1,1,1,1,1,1,1,1,1,1,1,1245,0,163,,0.0,1,1,1,1,0,1,1,1,190.76213095,False
73,1,1,1,1,1,1,1,1,1,1,1,1,1,1,1,1,1253,0,164,,0.0,1,1,1,1,0,1,1,1,214.5460641,False
74,1,1,1,1,1,1,1,1,1,1,1,1,1,1,1,1,1261,0,165,,0.0,1,1,1,1,0,1,1,1,287.93701096666666,True
75,1,1,1,1,0,1,1,1,1,1,1,1,0,1,1,1,1268,0,166,,0.0,1,1,1,0,1,0,1,1,4368.902860333334,True
76,1,1,1,1,1,1,1,1,1,1,1,1,1,1,1,1,1276,0,167,,0.0,1,1,1,1,0,1,1,1,7875.5441617,True
77,1,1,1,1,1,1,1,1,1,1,1,1,1,1,1,1,1284,0,168,,0.0,1,1,1,1,0,1,1,1,3982.7483742333334,True
78,1,1,1,1,1,1,1,1,1,1,1,1,1,1,1,1,1292,0,169,,0.0,1,1,1,1,0,1,1,1,245.6416515,False
79,1,1,1,1,1,1,1,1,1,1,1,1,1,1,1,1,136,1,17,,0.0,1,1,1,1,0,1,1,1,222.63545363333333,False
80,1,1,1,1,0,1,1,1,1,1,1,1,0,1,1,1,1299,0,170,,0.0,1,1,1,0,1,0,1,1,4529.47151925,True
81,1,1,1,1,0,1,1,1,1,1,1,1,0,1,1,1,1306,1,171,,0.0,1,1,1,0,1,0,1,1,244.59368151666666,False
82,1,1,1,1,0,1,1,1,1,1,1,1,0,1,1,1,1313,2,172,,0.0,1,1,1,0,1,0,1,1,249.81615025,False
83,1,1,1,1,0,1,1,1,1,1,1,1,0,1,1,1,1320,1,173,,0.0,1,1,1,0,1,0,1,1,218.04218008333334,False
84,1,1,1,1,1,1,1,1,1,1,1,1,1,1,1,1,1328,0,174,,0.0,1,1,1,1,0,1,1,1,181.52740961666666,False
85,1,1,1,1,1,1,1,1,1,1,1,1,1,1,1,1,1336,0,175,,0.0,1,1,1,1,0,1,1,1,218.11034975,False
86,1,1,1,1,0,1,1,1,1,1,1,1,0,1,1,1,1343,1,176,,0.0,1,1,1,0,1,0,1,1,295.61966291666664,True
87,1,1,1,1,1,1,1,1,1,1,1,1,1,1,1,1,1351,1,177,,0.0,1,1,1,1,0,1,1,1,246.70669008333334,False
88,1,1,1,1,0,1,1,1,1,1,1,1,0,1,1,1,1358,1,178,,0.0,1,1,1,0,1,0,1,1,200.00671386666667,False
89,1,1,1,1,1,1,1,1,1,1,1,1,1,1,1,1,1366,1,179,,0.0,1,1,1,1,0,1,1,1,219.3845119,False
90,1,1,1,1,1,1,1,1,1,1,1,1,1,1,1,1,144,1,18,,0.0,1,1,1,1,0,1,1,1,281.9679387333333,True
91,1,1,1,1,1,1,1,1,1,1,1,1,1,1,1,1,1374,1,180,,0.0,1,1,1,1,0,1,1,1,1225.2158506666667,True
92,1,1,1,1,1,1,1,1,1,1,1,1,1,1,1,1,1382,1,181,,0.0,1,1,1,1,0,1,1,1,2149.29610735,True
93,1,1,1,1,1,1,1,1,1,1,1,1,1,1,1,1,1390,1,182,,0.0,1,1,1,1,0,1,1,1,1409.3940489666666,True
94,1,1,1,1,1,1,1,1,1,1,1,1,1,1,1,1,1398,1,183,,0.0,1,1,1,1,0,1,1,1,295.9742987,True
95,1,1,1,1,1,1,1,1,1,1,1,1,1,1,1,1,1406,1,184,,0.0,1,1,1,1,0,1,1,1,215.08035548333334,False
96,1,1,1,1,1,1,1,1,1,1,1,1,1,1,1,1,1414,1,185,,0.0,1,1,1,1,0,1,1,1,1243.1301683833333,True
97,1,1,1,1,1,1,1,1,1,1,1,1,1,1,1,1,1422,1,186,,0.0,1,1,1,1,0,1,1,1,220.17011706666668,False
98,1,1,1,1,0,1,1,1,1,1,1,1,0,1,1,1,1429,2,187,,0.0,1,1,1,0,1,0,1,1,292.82847456666667,True
99,1,1,1,1,0,1,1,1,1,1,1,1,0,1,1,1,1436,3,188,,0.0,1,1,1,0,1,0,1,1,245.44684376666666,False
100,1,1,1,1,0,1,1,1,1,1,1,1,0,1,1,1,1443,2,189,,0.0,1,1,1,0,1,0,1,1,189.14185901666667,False
101,1,1,1,1,1,1,1,1,1,1,1,1,1,1,1,1,152,1,19,,0.0,1,1,1,1,0,1,1,1,222.3449921,False
102,1,1,1,1,0,1,1,1,1,1,1,1,0,1,1,1,1450,1,190,,0.0,1,1,1,0,1,0,1,1,240.79897895,False
103,1,1,1,1,1,1,1,1,1,1,1,1,1,1,1,1,1458,1,191,,0.0,1,1,1,1,0,1,1,1,229.18987501666666,False
104,1,1,1,1,0,1,1,1,1,1,1,1,0,1,1,1,1465,2,192,,0.0,1,1,1,0,1,0,1,1,199.36188361666666,False
105,1,1,1,1,1,1,1,1,1,1,1,1,1,1,1,1,1473,2,193,,0.0,1,1,1,1,0,1,1,1,246.19413508333332,False
106,1,1,1,1,0,1,1,1,1,1,1,1,0,1,1,1,1480,2,194,,0.0,1,1,1,0,1,0,1,1,296.27757935,True
107,1,1,1,1,1,1,1,1,1,1,1,1,1,1,1,1,1488,2,195,,0.0,1,1,1,1,0,1,1,1,1218.42860255,True
108,1,1,1,1,1,1,1,1,1,1,1,1,1,1,1,1,1496,2,196,,0.0,1,1,1,1,0,1,1,1,1877.18689965,True
109,1,1,1,1,1,1,1,1,1,1,1,1,1,1,1,1,1504,2,197,,0.0,1,1,1,1,0,1,1,1,1216.1914417333332,True
110,1,1,1,1,1,1,1,1,1,1,1,1,1,1,1,1,1512,2,198,,0.0,1,1,1,1,0,1,1,1,295.10612565,True
111,1,1,1,1,1,1,1,1,1,1,1,1,1,1,1,1,1520,2,199,,0.0,1,1,1,1,0,1,1,1,234.78203851666666,False
112,1,1,1,1,0,1,1,1,1,1,1,1,0,1,1,1,22,0,2,,0.0,1,1,1,0,1,0,1,1,1253.1628446,True
113,1,1,1,1,1,1,1,1,1,1,1,1,1,1,1,1,160,1,20,,0.0,1,1,1,1,0,1,1,1,220.64271446666666,False
114,1,1,1,1,1,1,1,1,1,1,1,1,1,1,1,1,1528,2,200,,0.0,1,1,1,1,0,1,1,1,233.48756465,False
115,1,1,1,1,1,1,1,1,1,1,1,1,1,1,1,1,1536,2,201,,0.0,1,1,1,1,0,1,1,1,216.02661511666668,False
116,1,1,1,1,0,1,1,1,1,1,1,1,0,1,1,1,1543,2,202,,0.0,1,1,1,0,1,0,1,1,196.45246848333332,False
117,1,1,1,1,0,1,1,1,1,1,1,1,0,1,1,1,1550,3,203,,0.0,1,1,1,0,1,0,1,1,241.32059276666666,False
118,1,1,1,1,0,1,1,1,1,1,1,1,0,1,1,1,1557,4,204,,0.0,1,1,1,0,1,0,1,1,286.8329759,True
119,1,1,1,1,0,1,1,1,1,1,1,1,0,1,1,1,1564,3,205,,0.0,1,1,1,0,1,0,1,1,216.28278985,False
120,1,1,1,1,0,1,1,1,1,1,1,1,0,1,1,1,1571,2,206,,0.0,1,1,1,0,1,0,1,1,179.00738911666667,False
121,1,1,1,1,1,1,1,1,1,1,1,1,1,1,1,1,1579,2,207,,0.0,1,1,1,1,0,1,1,1,218.07135066666666,False
122,1,1,1,1,0,1,1,1,1,1,1,1,0,1,1,1,1586,3,208,,0.0,1,1,1,0,1,0,1,1,240.1352611,False
123,1,1,1,1,1,1,1,1,1,1,1,1,1,1,1,1,1594,3,209,,0.0,1,1,1,1,0,1,1,1,1200.8174350166666,True
124,1,1,1,1,1,1,1,1,1,1,1,1,1,1,1,1,168,1,21,,0.0,1,1,1,1,0,1,1,1,2027.6427087833333,True
125,1,1,1,1,1,1,1,1,1,1,1,1,1,1,1,1,1602,3,210,,0.0,1,1,1,1,0,1,1,1,1237.8539112,True
126,1,1,1,1,1,1,1,1,1,1,1,1,1,1,1,1,1610,3,211,,0.0,1,1,1,1,0,1,1,1,239.76260421666666,False
127,1,1,1,1,1,1,1,1,1,1,1,1,1,1,1,1,1618,3,212,,0.0,1,1,1,1,0,1,1,1,224.09774563333335,False
128,1,1,1,1,1,1,1,1,1,1,1,1,1,1,1,1,1626,3,213,,0.0,1,1,1,1,0,1,1,1,1148.80765425,True
129,1,1,1,1,0,1,1,1,1,1,1,1,0,1,1,1,1633,3,214,,0.0,1,1,1,0,1,0,1,1,245.24915496666668,False
130,1,1,1,1,1,1,1,1,1,1,1,1,1,1,1,1,1641,3,215,,0.0,1,1,1,1,0,1,1,1,286.997414,True
131,1,1,1,1,1,1,1,1,1,1,1,1,1,1,1,1,1649,3,216,,0.0,1,1,1,1,0,1,1,1,208.2948344,False
132,1,1,1,1,1,1,1,1,1,1,1,1,1,1,1,1,1657,3,217,,0.0,1,1,1,1,0,1,1,1,177.36910383333333,False
133,1,1,1,1,0,1,1,1,1,1,1,1,0,1,1,1,1664,3,218,,0.0,1,1,1,0,1,0,1,1,218.18076088333333,False
134,1,1,1,1,0,1,1,1,1,1,1,1,0,1,1,1,1671,4,219,,0.0,1,1,1,0,1,0,1,1,293.41052668333333,True
135,1,1,1,1,0,1,1,1,1,1,1,1,0,1,1,1,175,1,22,,0.0,1,1,1,0,1,0,1,1,234.62604808333333,False
136,1,1,1,1,0,1,1,1,1,1,1,1,0,1,1,1,1678,5,220,,0.0,1,1,1,0,1,0,1,1,199.65157583333334,False
137,1,1,1,1,0,1,1,1,1,1,1,1,0,1,1,1,1685,4,221,,0.0,1,1,1,0,1,0,1,1,218.07160116666665,False
138,1,1,1,1,1,1,1,1,1,1,1,1,1,1,1,1,1693,3,222,,0.0,1,1,1,1,0,1,1,1,236.60617048333333,False
139,1,1,1,1,1,1,1,1,1,1,1,1,1,1,1,1,1701,3,223,,0.0,1,1,1,1,0,1,1,1,1211.2052493333333,True
140,1,1,1,1,0,1,1,1,1,1,1,1,0,1,1,1,1708,4,224,,0.0,1,1,1,0,1,0,1,1,1934.1957131666666,True
141,1,1,1,1,1,1,1,1,1,1,1,1,1,1,1,1,1716,4,225,,0.0,1,1,1,1,0,1,1,1,1207.9819499333332,True
142,1,1,1,1,0,1,1,1,1,1,1,1,0,1,1,1,1723,4,226,,0.0,1,1,1,0,1,0,1,1,292.43719468333336,True
143,1,1,1,1,1,1,1,1,1,1,1,1,1,1,1,1,1731,4,227,,0.0,1,1,1,1,0,1,1,1,212.06608163333334,False
144,1,1,1,1,1,1,1,1,1,1,1,1,1,1,1,1,1739,4,228,,0.0,1,1,1,1,0,1,1,1,1111.1172864,True
145,1,1,1,1,1,1,1,1,1,1,1,1,1,1,1,1,1747,4,229,,0.0,1,1,1,1,0,1,1,1,223.08703015,False
146,1,1,1,1,1,1,1,1,1,1,1,1,1,1,1,1,183,1,23,,0.0,1,1,1,1,0,1,1,1,297.5595557,True
147,1,1,1,1,0,1,1,1,1,1,1,1,0,1,1,1,1754,4,230,,0.0,1,1,1,0,1,0,1,1,286.9890518166667,True
148,1,1,1,1,1,1,1,1,1,1,1,1,1,1,1,1,1762,4,231,,0.0,1,1,1,1,0,1,1,1,197.04847698333333,False
149,1,1,1,1,1,1,1,1,1,1,1,1,1,1,1,1,1770,4,232,,0.0,1,1,1,1,0,1,1,1,206.53769846666665,False
150,1,1,1,1,1,1,1,1,1,1,1,1,1,1,1,1,1778,4,233,,0.0,1,1,1,1,0,1,1,1,236.57659495,False
151,1,1,1,1,1,1,1,1,1,1,1,1,1,1,1,1,1786,4,234,,0.0,1,1,1,1,0,1,1,1,218.46072873333333,False
152,1,1,1,1,0,1,1,1,1,1,1,1,0,1,1,1,1793,0,235,,0.0,1,1,1,0,1,0,1,1,193.72819441666667,False
153,1,1,1,1,0,1,1,1,1,1,1,1,0,1,1,1,1800,3,236,,0.0,1,1,1,0,1,0,1,1,235.17583841666666,False
154,1,1,1,1,0,1,1,1,1,1,1,1,0,1,1,1,1807,0,237,,0.0,1,1,1,0,1,0,1,1,296.3667841,True
155,1,1,1,1,1,1,1,1,1,1,1,1,1,1,1,1,1815,4,238,,0.0,1,1,1,1,0,1,1,1,3865.6234293166667,True
156,1,1,1,1,1,1,1,1,1,1,1,1,1,1,1,1,1823,4,239,,0.0,1,1,1,1,0,1,1,1,8277.583398216666,True
157,1,1,1,1,1,1,1,1,1,1,1,1,1,1,1,1,191,1,24,,0.0,1,1,1,1,0,1,1,1,3953.0080017,True
158,1,1,1,1,0,1,1,1,1,1,1,1,0,1,1,1,1830,0,240,,0.0,1,1,1,0,1,0,1,1,291.31689775,True
159,1,1,1,1,1,1,1,1,1,1,1,1,1,1,1,1,1838,0,241,,0.0,1,1,1,1,0,1,1,1,242.62977365,False
160,1,1,1,1,0,1,1,1,1,1,1,1,0,1,1,1,1845,0,242,,0.0,1,1,1,0,1,0,1,1,4022.99742295,True
161,1,1,1,1,1,1,1,1,1,1,1,1,1,1,1,1,1853,0,243,,0.0,1,1,1,1,0,1,1,1,225.28649075,False
162,1,1,1,1,1,1,1,1,1,1,1,1,1,1,1,1,1861,0,244,,0.0,1,1,1,1,0,1,1,1,291.3129491,True
163,1,1,1,1,1,1,1,1,1,1,1,1,1,1,1,1,1869,0,245,,0.0,1,1,1,1,0,1,1,1,227.3370241,False
164,1,1,1,1,1,1,1,1,1,1,1,1,1,1,1,1,1877,0,246,,0.0,1,1,1,1,0,1,1,1,200.86455893333334,False
165,1,1,1,1,1,1,1,1,1,1,1,1,1,1,1,1,1885,0,247,,0.0,1,1,1,1,0,1,1,1,238.14622836666666,False
166,1,1,1,1,1,1,1,1,1,1,1,1,1,1,1,1,1893,0,248,,0.0,1,1,1,1,0,1,1,1,288.5100228833333,True
167,1,1,1,1,1,1,1,1,1,1,1,1,1,1,1,1,1901,0,249,,0.0,1,1,1,1,0,1,1,1,215.68776728333333,False
168,1,1,1,1,1,1,1,1,1,1,1,1,1,1,1,1,199,1,25,,0.0,1,1,1,1,0,1,1,1,178.66917525,False
169,1,1,1,1,0,1,1,1,1,1,1,1,0,1,1,1,1908,0,250,,0.0,1,1,1,0,1,0,1,1,212.2379236,False
170,1,1,1,1,0,1,1,1,1,1,1,1,0,1,1,1,1915,1,251,,0.0,1,1,1,0,1,0,1,1,290.02977031666666,True
171,1,1,1,1,0,1,1,1,1,1,1,1,0,1,1,1,1922,2,252,,0.0,1,1,1,0,1,0,1,1,1211.0527429333333,True
172,1,1,1,1,0,1,1,1,1,1,1,1,0,1,1,1,1929,1,253,,0.0,1,1,1,0,1,0,1,1,2443.4477401,True
173,1,1,1,1,0,1,1,1,1,1,1,1,0,1,1,1,1936,0,254,,0.0,1,1,1,0,1,0,1,1,1097.5970792833334,True
174,1,1,1,1,1,1,1,1,1,1,1,1,1,1,1,1,1944,0,255,,0.0,1,1,1,1,0,1,1,1,241.10473175,False
175,1,1,1,1,0,1,1,1,1,1,1,1,0,1,1,1,1951,1,256,,0.0,1,1,1,0,1,0,1,1,223.81456721666666,False
176,1,1,1,1,1,1,1,1,1,1,1,1,1,1,1,1,1959,1,257,,0.0,1,1,1,1,0,1,1,1,1170.41820175,True
177,1,1,1,1,1,1,1,1,1,1,1,1,1,1,1,1,1967,1,258,,0.0,1,1,1,1,0,1,1,1,236.54169141666668,False
178,1,1,1,1,1,1,1,1,1,1,1,1,1,1,1,1,1975,1,259,,0.0,1,1,1,1,0,1,1,1,289.8668070333333,True
179,1,1,1,1,0,1,1,1,1,1,1,1,0,1,1,1,206,1,26,,0.0,1,1,1,0,1,0,1,1,221.44236865,False
180,1,1,1,1,1,1,1,1,1,1,1,1,1,1,1,1,1983,1,260,,0.0,1,1,1,1,0,1,1,1,186.8241341,False
181,1,1,1,1,1,1,1,1,1,1,1,1,1,1,1,1,1991,1,261,,0.0,1,1,1,1,0,1,1,1,225.4871127,False
182,1,1,1,1,0,1,1,1,1,1,1,1,0,1,1,1,1998,1,262,,0.0,1,1,1,0,1,0,1,1,247.34492035,False
183,1,1,1,1,1,1,1,1,1,1,1,1,1,1,1,1,2006,1,263,,0.0,1,1,1,1,0,1,1,1,242.39930313333332,False
184,1,1,1,1,1,1,1,1,1,1,1,1,1,1,1,1,2014,1,264,,0.0,1,1,1,1,0,1,1,1,204.69431696666666,False
185,1,1,1,1,1,1,1,1,1,1,1,1,1,1,1,1,2022,1,265,,0.0,1,1,1,1,0,1,1,1,229.75042513333332,False
186,1,1,1,1,0,1,1,1,1,1,1,1,0,1,1,1,2029,1,266,,0.0,1,1,1,0,1,0,1,1,241.54872031666667,False
187,1,1,1,1,0,1,1,1,1,1,1,1,0,1,1,1,2036,2,267,,0.0,1,1,1,0,1,0,1,1,1146.2085878833334,True
188,1,1,1,1,0,1,1,1,1,1,1,1,0,1,1,1,2043,3,268,,0.0,1,1,1,0,1,0,1,1,2212.4695663,True
189,1,1,1,1,0,1,1,1,1,1,1,1,0,1,1,1,2050,2,269,,0.0,1,1,1,0,1,0,1,1,1299.03694295,True
190,1,1,1,1,0,1,1,1,1,1,1,1,0,1,1,1,213,2,27,,0.0,1,1,1,0,1,0,1,1,289.10147943333334,True
191,1,1,1,1,1,1,1,1,1,1,1,1,1,1,1,1,2058,1,270,,0.0,1,1,1,1,0,1,1,1,220.36129626666667,False
192,1,1,1,1,1,1,1,1,1,1,1,1,1,1,1,1,2066,1,271,,0.0,1,1,1,1,0,1,1,1,1151.9708484166667,True
193,1,1,1,1,0,1,1,1,1,1,1,1,0,1,1,1,2073,2,272,,0.0,1,1,1,0,1,0,1,1,210.80023855,False
194,1,1,1,1,1,1,1,1,1,1,1,1,1,1,1,1,2081,2,273,,0.0,1,1,1,1,0,1,1,1,295.6206576166667,True
195,1,1,1,1,0,1,1,1,1,1,1,1,0,1,1,1,2088,2,274,,0.0,1,1,1,0,1,0,1,1,237.34741036666668,False
196,1,1,1,1,1,1,1,1,1,1,1,1,1,1,1,1,2096,2,275,,0.0,1,1,1,1,0,1,1,1,199.5314619,False
197,1,1,1,1,1,1,1,1,1,1,1,1,1,1,1,1,2104,2,276,,0.0,1,1,1,1,0,1,1,1,218.88827125,False
198,1,1,1,1,1,1,1,1,1,1,1,1,1,1,1,1,2112,2,277,,0.0,1,1,1,1,0,1,1,1,239.09859551666668,False
199,1,1,1,1,1,1,1,1,1,1,1,1,1,1,1,1,2120,2,278,,0.0,1,1,1,1,0,1,1,1,227.2662585,False
200,1,1,1,1,1,1,1,1,1,1,1,1,1,1,1,1,2128,2,279,,0.0,1,1,1,1,0,1,1,1,199.1904806,False
201,1,1,1,1,0,1,1,1,1,1,1,1,0,1,1,1,220,3,28,,0.0,1,1,1,0,1,0,1,1,235.16089766666667,False
202,1,1,1,1,1,1,1,1,1,1,1,1,1,1,1,1,2136,2,280,,0.0,1,1,1,1,0,1,1,1,285.6400297833333,True
203,1,1,1,1,1,1,1,1,1,1,1,1,1,1,1,1,2144,2,281,,0.0,1,1,1,1,0,1,1,1,1153.04945595,True
204,1,1,1,1,1,1,1,1,1,1,1,1,1,1,1,1,2152,2,282,,0.0,1,1,1,1,0,1,1,1,2170.6111664166665,True
205,1,1,1,1,0,1,1,1,1,1,1,1,0,1,1,1,2159,3,283,,0.0,1,1,1,0,1,0,1,1,1284.4372867166667,True
206,1,1,1,1,0,1,1,1,1,1,1,1,0,1,1,1,2166,4,284,,0.0,1,1,1,0,1,0,1,1,303.714669,True
207,1,1,1,1,0,1,1,1,1,1,1,1,0,1,1,1,2173,3,285,,0.0,1,1,1,0,1,0,1,1,243.57668896666667,False
208,1,1,1,1,0,1,1,1,1,1,1,1,0,1,1,1,2180,2,286,,0.0,1,1,1,0,1,0,1,1,1270.6262369666667,True
209,1,1,1,1,1,1,1,1,1,1,1,1,1,1,1,1,2188,2,287,,0.0,1,1,1,1,0,1,1,1,221.18189881666666,False
210,1,1,1,1,0,1,1,1,1,1,1,1,0,1,1,1,2195,3,288,,0.0,1,1,1,0,1,0,1,1,240.3181564,False
211,1,1,1,1,1,1,1,1,1,1,1,1,1,1,1,1,2203,3,289,,0.0,1,1,1,1,0,1,1,1,230.39574235,False
212,1,1,1,1,0,1,1,1,1,1,1,1,0,1,1,1,227,2,29,,0.0,1,1,1,0,1,0,1,1,189.91992821666668,False
213,1,1,1,1,0,1,1,1,1,1,1,1,0,1,1,1,2210,3,290,,0.0,1,1,1,0,1,0,1,1,239.12662315,False
214,1,1,1,1,1,1,1,1,1,1,1,1,1,1,1,1,2218,3,291,,0.0,1,1,1,1,0,1,1,1,283.68864076666665,True
215,1,1,1,1,1,1,1,1,1,1,1,1,1,1,1,1,2226,3,292,,0.0,1,1,1,1,0,1,1,1,209.46057585,False
216,1,1,1,1,1,1,1,1,1,1,1,1,1,1,1,1,2234,3,293,,0.0,1,1,1,1,0,1,1,1,179.76331115,False
217,1,1,1,1,1,1,1,1,1,1,1,1,1,1,1,1,2242,3,294,,0.0,1,1,1,1,0,1,1,1,212.53409166666665,False
218,1,1,1,1,1,1,1,1,1,1,1,1,1,1,1,1,2250,3,295,,0.0,1,1,1,1,0,1,1,1,293.1122088833333,True
219,1,1,1,1,1,1,1,1,1,1,1,1,1,1,1,1,2258,3,296,,0.0,1,1,1,1,0,1,1,1,1195.6354334333334,True
220,1,1,1,1,1,1,1,1,1,1,1,1,1,1,1,1,2266,3,297,,0.0,1,1,1,1,0,1,1,1,2224.8393241666668,True
221,1,1,1,1,0,1,1,1,1,1,1,1,0,1,1,1,2273,3,298,,0.0,1,1,1,0,1,0,1,1,1218.2514521833334,True
222,1,1,1,1,0,1,1,1,1,1,1,1,0,1,1,1,2280,4,299,,0.0,1,1,1,0,1,0,1,1,249.0736919,False
223,1,1,1,1,1,1,1,1,1,1,1,1,1,1,1,1,30,0,3,,0.0,1,1,1,1,0,1,1,1,217.54385435,False
224,1,1,1,1,1,1,1,1,1,1,1,1,1,1,1,1,235,1,30,,0.0,1,1,1,1,0,1,1,1,1040.81577255,True
225,1,1,1,1,0,1,1,1,1,1,1,1,0,1,1,1,2287,5,300,,0.0,1,1,1,0,1,0,1,1,242.66170708333334,False
226,1,1,1,1,0,1,1,1,1,1,1,1,0,1,1,1,2294,4,301,,0.0,1,1,1,0,1,0,1,1,296.3527162666667,True
227,1,1,1,1,0,1,1,1,1,1,1,1,0,1,1,1,2301,3,302,,0.0,1,1,1,0,1,0,1,1,217.61761985,False
228,1,1,1,1,1,1,1,1,1,1,1,1,1,1,1,1,2309,3,303,,0.0,1,1,1,1,0,1,1,1,184.0085702,False
229,1,1,1,1,0,1,1,1,1,1,1,1,0,1,1,1,2316,4,304,,0.0,1,1,1,0,1,0,1,1,220.5767995,False
230,1,1,1,1,1,1,1,1,1,1,1,1,1,1,1,1,2324,4,305,,0.0,1,1,1,1,0,1,1,1,286.06871235,True
231,1,1,1,1,1,1,1,1,1,1,1,1,1,1,1,1,2332,4,306,,0.0,1,1,1,1,0,1,1,1,234.39656778333332,False
232,1,1,1,1,1,1,1,1,1,1,1,1,1,1,1,1,2340,4,307,,0.0,1,1,1,1,0,1,1,1,200.72995513333333,False
233,1,1,1,1,1,1,1,1,1,1,1,1,1,1,1,1,2348,4,308,,0.0,1,1,1,1,0,1,1,1,218.04007601666666,False
234,1,1,1,1,1,1,1,1,1,1,1,1,1,1,1,1,2356,4,309,,0.0,1,1,1,1,0,1,1,1,236.42181068333332,False
235,1,1,1,1,1,1,1,1,1,1,1,1,1,1,1,1,243,1,31,,0.0,1,1,1,1,0,1,1,1,4159.541192,True
236,1,1,1,1,0,1,1,1,1,1,1,1,0,1,1,1,2363,4,310,,0.0,1,1,1,0,1,0,1,1,7936.199062966667,True
237,1,1,1,1,1,1,1,1,1,1,1,1,1,1,1,1,2371,4,311,,0.0,1,1,1,1,0,1,1,1,3713.6820794833334,True
238,1,1,1,1,1,1,1,1,1,1,1,1,1,1,1,1,2379,4,312,,0.0,1,1,1,1,0,1,1,1,242.56778633333334,False
239,1,1,1,1,1,1,1,1,1,1,1,1,1,1,1,1,2387,4,313,,0.0,1,1,1,1,0,1,1,1,222.7626524,False
240,1,1,1,1,0,1,1,1,1,1,1,1,0,1,1,1,2394,4,314,,0.0,1,1,1,0,1,0,1,1,3733.1975355166664,True
241,1,1,1,1,0,1,1,1,1,1,1,1,0,1,1,1,2401,0,315,,0.0,1,1,1,0,1,0,1,1,216.92604176666666,False
242,1,1,1,1,0,1,1,1,1,1,1,1,0,1,1,1,2408,3,316,,0.0,1,1,1,0,1,0,1,1,284.31835191666664,True
243,1,1,1,1,0,1,1,1,1,1,1,1,0,1,1,1,2415,0,317,,0.0,1,1,1,0,1,0,1,1,238.29619118333332,False
244,1,1,1,1,1,1,1,1,1,1,1,1,1,1,1,1,2423,4,318,,0.0,1,1,1,1,0,1,1,1,194.59834743333334,False
245,1,1,1,1,1,1,1,1,1,1,1,1,1,1,1,1,2431,4,319,,0.0,1,1,1,1,0,1,1,1,221.81334376666666,False
246,1,1,1,1,0,1,1,1,1,1,1,1,0,1,1,1,250,2,32,,0.0,1,1,1,0,1,0,1,1,231.20900026666666,False
247,1,1,1,1,0,1,1,1,1,1,1,1,0,1,1,1,2438,0,320,,0.0,1,1,1,0,1,0,1,1,228.31606736666666,False
248,1,1,1,1,1,1,1,1,1,1,1,1,1,1,1,1,2446,0,321,,0.0,1,1,1,1,0,1,1,1,208.39849676666665,False
249,1,1,1,1,0,1,1,1,1,1,1,1,0,1,1,1,2453,0,322,,0.0,1,1,1,0,1,0,1,1,237.74085953333332,False
250,1,1,1,1,1,1,1,1,1,1,1,1,1,1,1,1,2461,0,323,,0.0,1,1,1,1,0,1,1,1,286.22241906666665,True
251,1,1,1,1,1,1,1,1,1,1,1,1,1,1,1,1,2469,0,324,,0.0,1,1,1,1,0,1,1,1,1261.7876203333333,True
252,1,1,1,1,1,1,1,1,1,1,1,1,1,1,1,1,2477,0,325,,0.0,1,1,1,1,0,1,1,1,2088.52331495,True
253,1,1,1,1,0,1,1,1,1,1,1,1,0,1,1,1,2484,0,326,,0.0,1,1,1,0,1,0,1,1,1218.7167981333334,True
254,1,1,1,1,1,1,1,1,1,1,1,1,1,1,1,1,2492,0,327,,0.0,1,1,1,1,0,1,1,1,294.36581471666665,True
255,1,1,1,1,1,1,1,1,1,1,1,1,1,1,1,1,2500,0,328,,0.0,1,1,1,1,0,1,1,1,240.92452158333333,False
256,1,1,1,1,1,1,1,1,1,1,1,1,1,1,1,1,2508,0,329,,0.0,1,1,1,1,0,1,1,1,1236.5739037833334,True
257,1,1,1,1,1,1,1,1,1,1,1,1,1,1,1,1,258,2,33,,0.0,1,1,1,1,0,1,1,1,213.70179626666666,False
258,1,1,1,1,0,1,1,1,1,1,1,1,0,1,1,1,2515,0,330,,0.0,1,1,1,0,1,0,1,1,236.6225649,False
259,1,1,1,1,0,1,1,1,1,1,1,1,0,1,1,1,2522,1,331,,0.0,1,1,1,0,1,0,1,1,217.48308553333334,False
260,1,1,1,1,0,1,1,1,1,1,1,1,0,1,1,1,2529,2,332,,0.0,1,1,1,0,1,0,1,1,204.15796011666666,False
261,1,1,1,1,0,1,1,1,1,1,1,1,0,1,1,1,2536,1,333,,0.0,1,1,1,0,1,0,1,1,232.40111388333332,False
262,1,1,1,1,0,1,1,1,1,1,1,1,0,1,1,1,2543,0,334,,0.0,1,1,1,0,1,0,1,1,300.6397358,True
263,1,1,1,1,1,1,1,1,1,1,1,1,1,1,1,1,2551,0,335,,0.0,1,1,1,1,0,1,1,1,215.65913701666668,False
264,1,1,1,1,0,1,1,1,1,1,1,1,0,1,1,1,2558,1,336,,0.0,1,1,1,0,1,0,1,1,180.68737963333334,False
265,1,1,1,1,1,1,1,1,1,1,1,1,1,1,1,1,2566,1,337,,0.0,1,1,1,1,0,1,1,1,208.19402841666667,False
266,1,1,1,1,0,1,1,1,1,1,1,1,0,1,1,1,2573,1,338,,0.0,1,1,1,0,1,0,1,1,288.10386925,True
267,1,1,1,1,1,1,1,1,1,1,1,1,1,1,1,1,2581,1,339,,0.0,1,1,1,1,0,1,1,1,1250.9710742666666,True
268,1,1,1,1,1,1,1,1,1,1,1,1,1,1,1,1,266,2,34,,0.0,1,1,1,1,0,1,1,1,2330.491467683333,True
269,1,1,1,1,1,1,1,1,1,1,1,1,1,1,1,1,2589,1,340,,0.0,1,1,1,1,0,1,1,1,1216.03282055,True
270,1,1,1,1,1,1,1,1,1,1,1,1,1,1,1,1,2597,1,341,,0.0,1,1,1,1,0,1,1,1,235.48130798333332,False
271,1,1,1,1,1,1,1,1,1,1,1,1,1,1,1,1,2605,1,342,,0.0,1,1,1,1,0,1,1,1,215.45153893333332,False
272,1,1,1,1,1,1,1,1,1,1,1,1,1,1,1,1,2613,1,343,,0.0,1,1,1,1,0,1,1,1,1174.4182125666666,True
273,1,1,1,1,1,1,1,1,1,1,1,1,1,1,1,1,2621,1,344,,0.0,1,1,1,1,0,1,1,1,239.70457553333333,False
274,1,1,1,1,1,1,1,1,1,1,1,1,1,1,1,1,2629,1,345,,0.0,1,1,1,1,0,1,1,1,298.1013867,True
275,1,1,1,1,0,1,1,1,1,1,1,1,0,1,1,1,2636,1,346,,0.0,1,1,1,0,1,0,1,1,218.69595265,False
276,1,1,1,1,0,1,1,1,1,1,1,1,0,1,1,1,2643,2,347,,0.0,1,1,1,0,1,0,1,1,178.81756781666667,False
277,1,1,1,1,0,1,1,1,1,1,1,1,0,1,1,1,2650,2,348,,0.0,1,1,1,0,1,0,1,1,227.22809526666666,False
278,1,1,1,1,0,1,1,1,1,1,1,1,0,1,1,1,2657,2,349,,0.0,1,1,1,0,1,0,1,1,248.76276145,False
279,1,1,1,1,1,1,1,1,1,1,1,1,1,1,1,1,274,2,35,,0.0,1,1,1,1,0,1,1,1,244.1296587,False
280,1,1,1,1,0,1,1,1,1,1,1,1,0,1,1,1,2664,1,350,,0.0,1,1,1,0,1,0,1,1,187.42445706666666,False
281,1,1,1,1,1,1,1,1,1,1,1,1,1,1,1,1,2672,1,351,,0.0,1,1,1,1,0,1,1,1,209.49287176666667,False
282,1,1,1,1,0,1,1,1,1,1,1,1,0,1,1,1,2679,2,352,,0.0,1,1,1,0,1,0,1,1,238.99471481666666,False
283,1,1,1,1,1,1,1,1,1,1,1,1,1,1,1,1,2687,2,353,,0.0,1,1,1,1,0,1,1,1,1250.1936443833333,True
284,1,1,1,1,1,1,1,1,1,1,1,1,1,1,1,1,2695,2,354,,0.0,1,1,1,1,0,1,1,1,2285.099248666667,True
285,1,1,1,1,1,1,1,1,1,1,1,1,1,1,1,1,2703,2,355,,0.0,1,1,1,1,0,1,1,1,1250.6869388,True
286,1,1,1,1,1,1,1,1,1,1,1,1,1,1,1,1,2711,2,356,,0.0,1,1,1,1,0,1,1,1,299.38549271666665,True
287,1,1,1,1,1,1,1,1,1,1,1,1,1,1,1,1,2719,2,357,,0.0,1,1,1,1,0,1,1,1,233.39130433333332,False
288,1,1,1,1,0,1,1,1,1,1,1,1,0,1,1,1,2726,2,358,,0.0,1,1,1,0,1,0,1,1,1190.3734857333334,True
289,1,1,1,1,1,1,1,1,1,1,1,1,1,1,1,1,2734,2,359,,0.0,1,1,1,1,0,1,1,1,219.0631897,False
290,1,1,1,1,1,1,1,1,1,1,1,1,1,1,1,1,282,2,36,,0.0,1,1,1,1,0,1,1,1,297.5113853666667,True
291,1,1,1,1,1,1,1,1,1,1,1,1,1,1,1,1,2742,2,360,,0.0,1,1,1,1,0,1,1,1,234.14071741666666,False
292,1,1,1,1,1,1,1,1,1,1,1,1,1,1,1,1,2750,2,361,,0.0,1,1,1,1,0,1,1,1,201.91707071666667,False
293,1,1,1,1,0,1,1,1,1,1,1,1,0,1,1,1,2757,2,362,,0.0,1,1,1,0,1,0,1,1,206.29402858333333,False
294,1,1,1,1,0,1,1,1,1,1,1,1,0,1,1,1,2764,3,363,,0.0,1,1,1,0,1,0,1,1,245.3884931,False
295,1,1,1,1,0,1,1,1,1,1,1,1,0,1,1,1,2771,3,364,,0.0,1,1,1,0,1,0,1,1,211.2926756,False
296,1,1,1,1,0,1,1,1,1,1,1,1,0,1,1,1,2778,3,365,,0.0,1,1,1,0,1,0,1,1,211.39049065,False
297,1,1,1,1,1,1,1,1,1,1,1,1,1,1,1,1,2786,2,366,,0.0,1,1,1,1,0,1,1,1,247.08057421666666,False
298,1,1,1,1,1,1,1,1,1,1,1,1,1,1,1,1,2794,2,367,,0.0,1,1,1,1,0,1,1,1,295.02153911666664,True
299,1,1,1,1,0,1,1,1,1,1,1,1,0,1,1,1,2801,3,368,,0.0,1,1,1,0,1,0,1,1,1183.5081753833333,True
300,1,1,1,1,1,1,1,1,1,1,1,1,1,1,1,1,2809,3,369,,0.0,1,1,1,1,0,1,1,1,2116.8854292833335,True
301,1,1,1,1,1,1,1,1,1,1,1,1,1,1,1,1,290,2,37,,0.0,1,1,1,1,0,1,1,1,1240.5603917166666,True
302,1,1,1,1,0,1,1,1,1,1,1,1,0,1,1,1,2816,3,370,,0.0,1,1,1,0,1,0,1,1,293.49047555,True
303,1,1,1,1,1,1,1,1,1,1,1,1,1,1,1,1,2824,3,371,,0.0,1,1,1,1,0,1,1,1,232.18211153333334,False
304,1,1,1,1,1,1,1,1,1,1,1,1,1,1,1,1,2832,3,372,,0.0,1,1,1,1,0,1,1,1,1149.5243154666666,True
305,1,1,1,1,1,1,1,1,1,1,1,1,1,1,1,1,2840,3,373,,0.0,1,1,1,1,0,1,1,1,217.05216343333333,False
306,1,1,1,1,1,1,1,1,1,1,1,1,1,1,1,1,2848,3,374,,0.0,1,1,1,1,0,1,1,1,241.27745561666666,False
307,1,1,1,1,1,1,1,1,1,1,1,1,1,1,1,1,2856,3,375,,0.0,1,1,1,1,0,1,1,1,221.04471088333332,False
308,1,1,1,1,1,1,1,1,1,1,1,1,1,1,1,1,2864,3,376,,0.0,1,1,1,1,0,1,1,1,198.65577583333334,False
309,1,1,1,1,1,1,1,1,1,1,1,1,1,1,1,1,2872,3,377,,0.0,1,1,1,1,0,1,1,1,246.84632695,False
310,1,1,1,1,1,1,1,1,1,1,1,1,1,1,1,1,2880,3,378,,0.0,1,1,1,1,0,1,1,1,293.37207086666666,True
311,1,1,1,1,0,1,1,1,1,1,1,1,0,1,1,1,2887,4,379,,0.0,1,1,1,0,1,0,1,1,219.00974008333333,False
312,1,1,1,1,0,1,1,1,1,1,1,1,0,1,1,1,297,2,38,,0.0,1,1,1,0,1,0,1,1,176.70191015,False
313,1,1,1,1,0,1,1,1,1,1,1,1,0,1,1,1,2894,5,380,,0.0,1,1,1,0,1,0,1,1,219.77254936666668,False
314,1,1,1,1,0,1,1,1,1,1,1,1,0,1,1,1,2901,4,381,,0.0,1,1,1,0,1,0,1,1,283.77760171666665,True
315,1,1,1,1,0,1,1,1,1,1,1,1,0,1,1,1,2908,3,382,,0.0,1,1,1,0,1,0,1,1,3807.7031901166665,True
316,1,1,1,1,1,1,1,1,1,1,1,1,1,1,1,1,2916,3,383,,0.0,1,1,1,1,0,1,1,1,8170.69443455,True
317,1,1,1,1,0,1,1,1,1,1,1,1,0,1,1,1,2923,4,384,,0.0,1,1,1,0,1,0,1,1,4643.01109365,True
318,1,1,1,1,1,1,1,1,1,1,1,1,1,1,1,1,2931,4,385,,0.0,1,1,1,1,0,1,1,1,235.69086571666668,False
319,1,1,1,1,0,1,1,1,1,1,1,1,0,1,1,1,2938,4,386,,0.0,1,1,1,0,1,0,1,1,225.87378768333335,False
320,1,1,1,1,0,1,1,1,1,1,1,1,0,1,1,1,2945,4,387,,0.0,1,1,1,0,1,0,1,1,4047.9745089666667,True
321,1,1,1,1,1,1,1,1,1,1,1,1,1,1,1,1,2953,4,388,,0.0,1,1,1,1,0,1,1,1,240.10571178333333,False
322,1,1,1,1,1,1,1,1,1,1,1,1,1,1,1,1,2961,4,389,,0.0,1,1,1,1,0,1,1,1,300.28998901666665,True
323,1,1,1,1,1,1,1,1,1,1,1,1,1,1,1,1,305,2,39,,0.0,1,1,1,1,0,1,1,1,216.05839105,False
324,1,1,1,1,1,1,1,1,1,1,1,1,1,1,1,1,2969,4,390,,0.0,1,1,1,1,0,1,1,1,180.69375616666667,False
325,1,1,1,1,1,1,1,1,1,1,1,1,1,1,1,1,2977,4,391,,0.0,1,1,1,1,0,1,1,1,218.45575608333334,False
326,1,1,1,1,1,1,1,1,1,1,1,1,1,1,1,1,2985,4,392,,0.0,1,1,1,1,0,1,1,1,292.1757001,True
327,1,1,1,1,1,1,1,1,1,1,1,1,1,1,1,1,2993,4,393,,0.0,1,1,1,1,0,1,1,1,232.31990206666666,False
328,1,1,1,1,1,1,1,1,1,1,1,1,1,1,1,1,3001,4,394,,0.0,1,1,1,1,0,1,1,1,197.4724256,False
329,1,1,1,1,0,1,1,1,1,1,1,1,0,1,1,1,3008,0,395,,0.0,1,1,1,0,1,0,1,1,216.97677686666665,False
330,1,1,1,1,0,1,1,1,1,1,1,1,0,1,1,1,3015,4,396,,0.0,1,1,1,0,1,0,1,1,280.61709943333335,True
331,1,1,1,1,0,1,1,1,1,1,1,1,0,1,1,1,3022,0,397,,0.0,1,1,1,0,1,0,1,1,1341.4357607666666,True
332,1,1,1,1,0,1,1,1,1,1,1,1,0,1,1,1,3029,4,398,,0.0,1,1,1,0,1,0,1,1,1997.6267112,True
333,1,1,1,1,1,1,1,1,1,1,1,1,1,1,1,1,3037,4,399,,0.0,1,1,1,1,0,1,1,1,1270.5946293333334,True
334,1,1,1,1,1,1,1,1,1,1,1,1,1,1,1,1,38,0,4,,0.0,1,1,1,1,0,1,1,1,292.6883371166667,True
335,1,1,1,1,1,1,1,1,1,1,1,1,1,1,1,1,313,2,40,,0.0,1,1,1,1,0,1,1,1,225.63950738333332,False
336,1,1,1,1,0,1,1,1,1,1,1,1,0,1,1,1,3044,0,400,,0.0,1,1,1,0,1,0,1,1,1066.5495365,True
337,1,1,1,1,1,1,1,1,1,1,1,1,1,1,1,1,3052,0,401,,0.0,1,1,1,1,0,1,1,1,231.62936451666667,False
338,1,1,1,1,1,1,1,1,1,1,1,1,1,1,1,1,3060,0,402,,0.0,1,1,1,1,0,1,1,1,305.40868825,True
339,1,1,1,1,1,1,1,1,1,1,1,1,1,1,1,1,3068,0,403,,0.0,1,1,1,1,0,1,1,1,247.00145273333334,False
340,1,1,1,1,1,1,1,1,1,1,1,1,1,1,1,1,3076,0,404,,0.0,1,1,1,1,0,1,1,1,199.77298881666667,False
341,1,1,1,1,1,1,1,1,1,1,1,1,1,1,1,1,3084,0,405,,0.0,1,1,1,1,0,1,1,1,220.57975325,False
342,1,1,1,1,0,1,1,1,1,1,1,1,0,1,1,1,3091,0,406,,0.0,1,1,1,0,1,0,1,1,245.7200491,False
343,1,1,1,1,1,1,1,1,1,1,1,1,1,1,1,1,3099,0,407,,0.0,1,1,1,1,0,1,1,1,216.26886901666666,False
344,1,1,1,1,1,1,1,1,1,1,1,1,1,1,1,1,3107,0,408,,0.0,1,1,1,1,0,1,1,1,205.68216638333334,False
345,1,1,1,1,1,1,1,1,1,1,1,1,1,1,1,1,3115,0,409,,0.0,1,1,1,1,0,1,1,1,239.10328185,False
346,1,1,1,1,1,1,1,1,1,1,1,1,1,1,1,1,321,2,41,,0.0,1,1,1,1,0,1,1,1,285.00000145,True
347,1,1,1,1,0,1,1,1,1,1,1,1,0,1,1,1,3122,0,410,,0.0,1,1,1,0,1,0,1,1,1193.2950492666666,True
348,1,1,1,1,0,1,1,1,1,1,1,1,0,1,1,1,3129,1,411,,0.0,1,1,1,0,1,0,1,1,1948.3158999166667,True
349,1,1,1,1,0,1,1,1,1,1,1,1,0,1,1,1,3136,2,412,,0.0,1,1,1,0,1,0,1,1,1212.9485988666668,True
350,1,1,1,1,0,1,1,1,1,1,1,1,0,1,1,1,3143,1,413,,0.0,1,1,1,0,1,0,1,1,282.43529236666666,True
351,1,1,1,1,1,1,1,1,1,1,1,1,1,1,1,1,3151,0,414,,0.0,1,1,1,1,0,1,1,1,234.58092588333332,False
352,1,1,1,1,1,1,1,1,1,1,1,1,1,1,1,1,3159,0,415,,0.0,1,1,1,1,0,1,1,1,1147.8427193666666,True
353,1,1,1,1,0,1,1,1,1,1,1,1,0,1,1,1,3166,1,416,,0.0,1,1,1,0,1,0,1,1,222.78276131666667,False
354,1,1,1,1,1,1,1,1,1,1,1,1,1,1,1,1,3174,1,417,,0.0,1,1,1,1,0,1,1,1,234.70122025,False
355,1,1,1,1,0,1,1,1,1,1,1,1,0,1,1,1,3181,1,418,,0.0,1,1,1,0,1,0,1,1,219.09983521666666,False
356,1,1,1,1,1,1,1,1,1,1,1,1,1,1,1,1,3189,1,419,,0.0,1,1,1,1,0,1,1,1,195.3579311,False
357,1,1,1,1,1,1,1,1,1,1,1,1,1,1,1,1,329,2,42,,0.0,1,1,1,1,0,1,1,1,246.07186665,False
358,1,1,1,1,1,1,1,1,1,1,1,1,1,1,1,1,3197,1,420,,0.0,1,1,1,1,0,1,1,1,298.74453048333334,True
359,1,1,1,1,1,1,1,1,1,1,1,1,1,1,1,1,3205,1,421,,0.0,1,1,1,1,0,1,1,1,217.19232268333334,False
360,1,1,1,1,0,1,1,1,1,1,1,1,0,1,1,1,3212,1,422,,0.0,1,1,1,0,1,0,1,1,180.86514646666666,False
361,1,1,1,1,1,1,1,1,1,1,1,1,1,1,1,1,3220,1,423,,0.0,1,1,1,1,0,1,1,1,224.2824619,False
362,1,1,1,1,1,1,1,1,1,1,1,1,1,1,1,1,3228,1,424,,0.0,1,1,1,1,0,1,1,1,299.61338335,True
363,1,1,1,1,1,1,1,1,1,1,1,1,1,1,1,1,3236,1,425,,0.0,1,1,1,1,0,1,1,1,1230.3652758666667,True
364,1,1,1,1,1,1,1,1,1,1,1,1,1,1,1,1,3244,1,426,,0.0,1,1,1,1,0,1,1,1,1876.2968976333334,True
365,1,1,1,1,0,1,1,1,1,1,1,1,0,1,1,1,3251,2,427,,0.0,1,1,1,0,1,0,1,1,1202.3552051,True
366,1,1,1,1,0,1,1,1,1,1,1,1,0,1,1,1,3258,2,428,,0.0,1,1,1,0,1,0,1,1,243.84796245,False
367,1,1,1,1,0,1,1,1,1,1,1,1,0,1,1,1,3265,2,429,,0.0,1,1,1,0,1,0,1,1,232.27936795,False
368,1,1,1,1,0,1,1,1,1,1,1,1,0,1,1,1,336,3,43,,0.0,1,1,1,0,1,0,1,1,1230.0704368833333,True
369,1,1,1,1,0,1,1,1,1,1,1,1,0,1,1,1,3272,1,430,,0.0,1,1,1,0,1,0,1,1,237.90768621666666,False
370,1,1,1,1,1,1,1,1,1,1,1,1,1,1,1,1,3280,1,431,,0.0,1,1,1,1,0,1,1,1,290.0792302333333,True
371,1,1,1,1,0,1,1,1,1,1,1,1,0,1,1,1,3287,2,432,,0.0,1,1,1,0,1,0,1,1,216.56043716666667,False
372,1,1,1,1,1,1,1,1,1,1,1,1,1,1,1,1,3295,2,433,,0.0,1,1,1,1,0,1,1,1,183.15556611666668,False
373,1,1,1,1,0,1,1,1,1,1,1,1,0,1,1,1,3302,2,434,,0.0,1,1,1,0,1,0,1,1,225.9063099,False
374,1,1,1,1,1,1,1,1,1,1,1,1,1,1,1,1,3310,2,435,,0.0,1,1,1,1,0,1,1,1,237.77777796666666,False
375,1,1,1,1,1,1,1,1,1,1,1,1,1,1,1,1,3318,2,436,,0.0,1,1,1,1,0,1,1,1,239.33527641666666,False
376,1,1,1,1,1,1,1,1,1,1,1,1,1,1,1,1,3326,2,437,,0.0,1,1,1,1,0,1,1,1,191.73264266666666,False
377,1,1,1,1,1,1,1,1,1,1,1,1,1,1,1,1,3334,2,438,,0.0,1,1,1,1,0,1,1,1,228.53700458333333,False
378,1,1,1,1,1,1,1,1,1,1,1,1,1,1,1,1,3342,2,439,,0.0,1,1,1,1,0,1,1,1,223.89244508333334,False
379,1,1,1,1,0,1,1,1,1,1,1,1,0,1,1,1,343,4,44,,0.0,1,1,1,0,1,0,1,1,1235.1114884333333,True
380,1,1,1,1,1,1,1,1,1,1,1,1,1,1,1,1,3350,2,440,,0.0,1,1,1,1,0,1,1,1,2289.5245997833335,True
381,1,1,1,1,1,1,1,1,1,1,1,1,1,1,1,1,3358,2,441,,0.0,1,1,1,1,0,1,1,1,1233.1814819,True
382,1,1,1,1,0,1,1,1,1,1,1,1,0,1,1,1,3365,2,442,,0.0,1,1,1,0,1,0,1,1,298.06298655,True
383,1,1,1,1,0,1,1,1,1,1,1,1,0,1,1,1,3372,3,443,,0.0,1,1,1,0,1,0,1,1,213.97262601666668,False
384,1,1,1,1,0,1,1,1,1,1,1,1,0,1,1,1,3379,3,444,,0.0,1,1,1,0,1,0,1,1,1112.6696794666666,True
385,1,1,1,1,0,1,1,1,1,1,1,1,0,1,1,1,3386,3,445,,0.0,1,1,1,0,1,0,1,1,220.50062563333333,False
386,1,1,1,1,0,1,1,1,1,1,1,1,0,1,1,1,3393,2,446,,0.0,1,1,1,0,1,0,1,1,288.55093311666667,True
387,1,1,1,1,1,1,1,1,1,1,1,1,1,1,1,1,3401,2,447,,0.0,1,1,1,1,0,1,1,1,282.8461047166667,True
388,1,1,1,1,0,1,1,1,1,1,1,1,0,1,1,1,3408,3,448,,0.0,1,1,1,0,1,0,1,1,206.56349695,False
389,1,1,1,1,1,1,1,1,1,1,1,1,1,1,1,1,3416,3,449,,0.0,1,1,1,1,0,1,1,1,230.69446831666667,False
390,1,1,1,1,0,1,1,1,1,1,1,1,0,1,1,1,350,3,45,,0.0,1,1,1,0,1,0,1,1,240.63974981666667,False
391,1,1,1,1,1,1,1,1,1,1,1,1,1,1,1,1,3424,3,450,,0.0,1,1,1,1,0,1,1,1,209.95496661666667,False
392,1,1,1,1,1,1,1,1,1,1,1,1,1,1,1,1,3432,3,451,,0.0,1,1,1,1,0,1,1,1,197.93207118333333,False
393,1,1,1,1,1,1,1,1,1,1,1,1,1,1,1,1,3440,3,452,,0.0,1,1,1,1,0,1,1,1,236.94284516666667,False
394,1,1,1,1,1,1,1,1,1,1,1,1,1,1,1,1,3448,3,453,,0.0,1,1,1,1,0,1,1,1,246.45471828333334,False
395,1,1,1,1,0,1,1,1,1,1,1,1,0,1,1,1,3455,3,454,,0.0,1,1,1,0,1,0,1,1,3978.35762325,True
396,1,1,1,1,1,1,1,1,1,1,1,1,1,1,1,1,3463,3,455,,0.0,1,1,1,1,0,1,1,1,9243.0433515,True
397,1,1,1,1,1,1,1,1,1,1,1,1,1,1,1,1,3471,3,456,,0.0,1,1,1,1,0,1,1,1,4211.9992444,True
398,1,1,1,1,1,1,1,1,1,1,1,1,1,1,1,1,3479,3,457,,0.0,1,1,1,1,0,1,1,1,288.94907648333333,True
399,1,1,1,1,0,1,1,1,1,1,1,1,0,1,1,1,3486,3,458,,0.0,1,1,1,0,1,0,1,1,234.5448822,False
400,1,1,1,1,0,1,1,1,1,1,1,1,0,1,1,1,3493,4,459,,0.0,1,1,1,0,1,0,1,1,3901.9983750333336,True
401,1,1,1,1,0,1,1,1,1,1,1,1,0,1,1,1,357,2,46,,0.0,1,1,1,0,1,0,1,1,225.13753878333333,False
402,1,1,1,1,0,1,1,1,1,1,1,1,0,1,1,1,3500,5,460,,0.0,1,1,1,0,1,0,1,1,240.24919093333332,False
403,1,1,1,1,0,1,1,1,1,1,1,1,0,1,1,1,3507,4,461,,0.0,1,1,1,0,1,0,1,1,219.07778041666666,False
404,1,1,1,1,1,1,1,1,1,1,1,1,1,1,1,1,3515,3,462,,0.0,1,1,1,1,0,1,1,1,207.57402553333333,False
405,1,1,1,1,1,1,1,1,1,1,1,1,1,1,1,1,3523,3,463,,0.0,1,1,1,1,0,1,1,1,239.68769288333334,False
406,1,1,1,1,0,1,1,1,1,1,1,1,0,1,1,1,3530,4,464,,0.0,1,1,1,0,1,0,1,1,290.35409855,True
407,1,1,1,1,1,1,1,1,1,1,1,1,1,1,1,1,3538,4,465,,0.0,1,1,1,1,0,1,1,1,215.25222873333334,False
408,1,1,1,1,0,1,1,1,1,1,1,1,0,1,1,1,3545,4,466,,0.0,1,1,1,0,1,0,1,1,177.03236076666667,False
409,1,1,1,1,1,1,1,1,1,1,1,1,1,1,1,1,3553,4,467,,0.0,1,1,1,1,0,1,1,1,209.56281178333333,False
410,1,1,1,1,1,1,1,1,1,1,1,1,1,1,1,1,3561,4,468,,0.0,1,1,1,1,0,1,1,1,285.59803873333334,True
411,1,1,1,1,1,1,1,1,1,1,1,1,1,1,1,1,3569,4,469,,0.0,1,1,1,1,0,1,1,1,1244.2447263166666,True
412,1,1,1,1,1,1,1,1,1,1,1,1,1,1,1,1,365,2,47,,0.0,1,1,1,1,0,1,1,1,2210.1106458333334,True
413,1,1,1,1,0,1,1,1,1,1,1,1,0,1,1,1,3576,4,470,,0.0,1,1,1,0,1,0,1,1,1176.3284207833333,True
414,1,1,1,1,1,1,1,1,1,1,1,1,1,1,1,1,3584,4,471,,0.0,1,1,1,1,0,1,1,1,241.51183733333335,False
415,1,1,1,1,1,1,1,1,1,1,1,1,1,1,1,1,3592,4,472,,0.0,1,1,1,1,0,1,1,1,219.25156481666667,False
416,1,1,1,1,1,1,1,1,1,1,1,1,1,1,1,1,3600,4,473,,0.0,1,1,1,1,0,1,1,1,1163.20288345,True
417,1,1,1,1,1,1,1,1,1,1,1,1,1,1,1,1,3608,4,474,,0.0,1,1,1,1,0,1,1,1,248.85889846666666,False
418,1,1,1,1,0,1,1,1,1,1,1,1,0,1,1,1,3615,0,475,,0.0,1,1,1,0,1,0,1,1,290.0681373,True
419,1,1,1,1,0,1,1,1,1,1,1,1,0,1,1,1,3622,3,476,,0.0,1,1,1,0,1,0,1,1,232.79954543333332,False
420,1,1,1,1,0,1,1,1,1,1,1,1,0,1,1,1,3629,0,477,,0.0,1,1,1,0,1,0,1,1,175.2602839,False
421,1,1,1,1,0,1,1,1,1,1,1,1,0,1,1,1,3636,4,478,,0.0,1,1,1,0,1,0,1,1,207.05174581666665,False
422,1,1,1,1,1,1,1,1,1,1,1,1,1,1,1,1,3644,4,479,,0.0,1,1,1,1,0,1,1,1,290.9682663666667,True
423,1,1,1,1,0,1,1,1,1,1,1,1,0,1,1,1,372,3,48,,0.0,1,1,1,0,1,0,1,1,237.33388808333333,False
424,1,1,1,1,0,1,1,1,1,1,1,1,0,1,1,1,3651,0,480,,0.0,1,1,1,0,1,0,1,1,198.42571688333334,False
425,1,1,1,1,1,1,1,1,1,1,1,1,1,1,1,1,3659,0,481,,0.0,1,1,1,1,0,1,1,1,212.74841501666666,False
426,1,1,1,1,0,1,1,1,1,1,1,1,0,1,1,1,3666,0,482,,0.0,1,1,1,0,1,0,1,1,241.05246571666666,False
427,1,1,1,1,1,1,1,1,1,1,1,1,1,1,1,1,3674,0,483,,0.0,1,1,1,1,0,1,1,1,1334.8247644833334,True
428,1,1,1,1,1,1,1,1,1,1,1,1,1,1,1,1,3682,0,484,,0.0,1,1,1,1,0,1,1,1,1900.2725147666667,True
429,1,1,1,1,1,1,1,1,1,1,1,1,1,1,1,1,3690,0,485,,0.0,1,1,1,1,0,1,1,1,1236.775391,True
430,1,1,1,1,1,1,1,1,1,1,1,1,1,1,1,1,3698,0,486,,0.0,1,1,1,1,0,1,1,1,296.55404833333336,True
431,1,1,1,1,1,1,1,1,1,1,1,1,1,1,1,1,3706,0,487,,0.0,1,1,1,1,0,1,1,1,221.63274618333332,False
432,1,1,1,1,1,1,1,1,1,1,1,1,1,1,1,1,3714,0,488,,0.0,1,1,1,1,0,1,1,1,1157.2890863,True
433,1,1,1,1,1,1,1,1,1,1,1,1,1,1,1,1,3722,0,489,,0.0,1,1,1,1,0,1,1,1,222.37041546666666,False
434,1,1,1,1,1,1,1,1,1,1,1,1,1,1,1,1,380,3,49,,0.0,1,1,1,1,0,1,1,1,283.1929885,True
435,1,1,1,1,0,1,1,1,1,1,1,1,0,1,1,1,3729,0,490,,0.0,1,1,1,0,1,0,1,1,229.63788078333334,False
436,1,1,1,1,0,1,1,1,1,1,1,1,0,1,1,1,3736,1,491,,0.0,1,1,1,0,1,0,1,1,202.7428041,False
437,1,1,1,1,0,1,1,1,1,1,1,1,0,1,1,1,3743,2,492,,0.0,1,1,1,0,1,0,1,1,215.48162105,False
438,1,1,1,1,0,1,1,1,1,1,1,1,0,1,1,1,3750,1,493,,0.0,1,1,1,0,1,0,1,1,235.21586375,False
439,1,1,1,1,0,1,1,1,1,1,1,1,0,1,1,1,3757,0,494,,0.0,1,1,1,0,1,0,1,1,219.28039226666667,False
440,1,1,1,1,1,1,1,1,1,1,1,1,1,1,1,1,3765,0,495,,0.0,1,1,1,1,0,1,1,1,205.18679825,False
441,1,1,1,1,0,1,1,1,1,1,1,1,0,1,1,1,3772,1,496,,0.0,1,1,1,0,1,0,1,1,239.0433049,False
442,1,1,1,1,1,1,1,1,1,1,1,1,1,1,1,1,3780,1,497,,0.0,1,1,1,1,0,1,1,1,292.4997713833333,True
443,1,1,1,1,1,1,1,1,1,1,1,1,1,1,1,1,3788,1,498,,0.0,1,1,1,1,0,1,1,1,1210.7586468,True
444,1,1,1,1,1,1,1,1,1,1,1,1,1,1,1,1,3796,1,499,,0.0,1,1,1,1,0,1,1,1,1888.7634989166668,True
445,1,1,1,1,1,1,1,1,1,1,1,1,1,1,1,1,46,0,5,,0.0,1,1,1,1,0,1,1,1,1339.87311505,True
446,1,1,1,1,0,1,1,1,1,1,1,1,0,1,1,1,387,3,50,,0.0,1,1,1,0,1,0,1,1,286.4825238166667,True
447,1,1,1,1,1,1,1,1,1,1,1,1,1,1,1,1,3804,1,500,,0.0,1,1,1,1,0,1,1,1,235.22701885,False
448,1,1,1,1,1,1,1,1,1,1,1,1,1,1,1,1,3812,1,501,,0.0,1,1,1,1,0,1,1,1,1217.5058663833333,True
449,1,1,1,1,0,1,1,1,1,1,1,1,0,1,1,1,3819,1,502,,0.0,1,1,1,0,1,0,1,1,216.33823978333334,False
450,1,1,1,1,1,1,1,1,1,1,1,1,1,1,1,1,3827,1,503,,0.0,1,1,1,1,0,1,1,1,243.15353201666667,False
451,1,1,1,1,1,1,1,1,1,1,1,1,1,1,1,1,3835,1,504,,0.0,1,1,1,1,0,1,1,1,221.05679261666666,False
452,1,1,1,1,1,1,1,1,1,1,1,1,1,1,1,1,3843,1,505,,0.0,1,1,1,1,0,1,1,1,195.17657888333332,False
453,1,1,1,1,0,1,1,1,1,1,1,1,0,1,1,1,3850,1,506,,0.0,1,1,1,0,1,0,1,1,223.04213208333334,False
454,1,1,1,1,0,1,1,1,1,1,1,1,0,1,1,1,3857,2,507,,0.0,1,1,1,0,1,0,1,1,287.9570700666667,True
455,1,1,1,1,0,1,1,1,1,1,1,1,0,1,1,1,3864,3,508,,0.0,1,1,1,0,1,0,1,1,215.2856279,False
456,1,1,1,1,0,1,1,1,1,1,1,1,0,1,1,1,3871,2,509,,0.0,1,1,1,0,1,0,1,1,179.37937398333332,False
457,1,1,1,1,1,1,1,1,1,1,1,1,1,1,1,1,395,3,51,,0.0,1,1,1,1,0,1,1,1,219.8434919,False
458,1,1,1,1,1,1,1,1,1,1,1,1,1,1,1,1,3879,1,510,,0.0,1,1,1,1,0,1,1,1,285.4273571,True
459,1,1,1,1,1,1,1,1,1,1,1,1,1,1,1,1,3887,1,511,,0.0,1,1,1,1,0,1,1,1,1135.7652966333333,True
460,1,1,1,1,0,1,1,1,1,1,1,1,0,1,1,1,3894,2,512,,0.0,1,1,1,0,1,0,1,1,2133.4868132666666,True
461,1,1,1,1,1,1,1,1,1,1,1,1,1,1,1,1,3902,2,513,,0.0,1,1,1,1,0,1,1,1,1193.8984495666666,True
462,1,1,1,1,0,1,1,1,1,1,1,1,0,1,1,1,3909,2,514,,0.0,1,1,1,0,1,0,1,1,246.07056746666666,False
463,1,1,1,1,1,1,1,1,1,1,1,1,1,1,1,1,3917,2,515,,0.0,1,1,1,1,0,1,1,1,215.94772903333333,False
464,1,1,1,1,1,1,1,1,1,1,1,1,1,1,1,1,3925,2,516,,0.0,1,1,1,1,0,1,1,1,1145.0689562,True
465,1,1,1,1,1,1,1,1,1,1,1,1,1,1,1,1,3933,2,517,,0.0,1,1,1,1,0,1,1,1,249.71799091666668,False
466,1,1,1,1,0,1,1,1,1,1,1,1,0,1,1,1,3940,2,518,,0.0,1,1,1,0,1,0,1,1,287.5232294333333,True
467,1,1,1,1,1,1,1,1,1,1,1,1,1,1,1,1,3948,2,519,,0.0,1,1,1,1,0,1,1,1,210.16031286666666,False
468,1,1,1,1,1,1,1,1,1,1,1,1,1,1,1,1,403,3,52,,0.0,1,1,1,1,0,1,1,1,183.86136473333335,False
469,1,1,1,1,1,1,1,1,1,1,1,1,1,1,1,1,3956,2,520,,0.0,1,1,1,1,0,1,1,1,225.0500264,False
470,1,1,1,1,1,1,1,1,1,1,1,1,1,1,1,1,3964,2,521,,0.0,1,1,1,1,0,1,1,1,278.09989278333336,True
471,1,1,1,1,1,1,1,1,1,1,1,1,1,1,1,1,3972,2,522,,0.0,1,1,1,1,0,1,1,1,245.53085678333332,False
472,1,1,1,1,0,1,1,1,1,1,1,1,0,1,1,1,3979,3,523,,0.0,1,1,1,0,1,0,1,1,195.12557988333333,False
473,1,1,1,1,0,1,1,1,1,1,1,1,0,1,1,1,3986,4,524,,0.0,1,1,1,0,1,0,1,1,227.3180013,False
474,1,1,1,1,0,1,1,1,1,1,1,1,0,1,1,1,3993,3,525,,0.0,1,1,1,0,1,0,1,1,241.3990773,False
475,1,1,1,1,0,1,1,1,1,1,1,1,0,1,1,1,4000,2,526,,0.0,1,1,1,0,1,0,1,1,4061.10821935,True
476,1,1,1,1,1,1,1,1,1,1,1,1,1,1,1,1,4008,2,527,,0.0,1,1,1,1,0,1,1,1,8079.363511016667,True
477,1,1,1,1,0,1,1,1,1,1,1,1,0,1,1,1,4015,3,528,,0.0,1,1,1,0,1,0,1,1,3912.813895,True
478,1,1,1,1,1,1,1,1,1,1,1,1,1,1,1,1,4023,3,529,,0.0,1,1,1,1,0,1,1,1,283.8729575666667,True
479,1,1,1,1,1,1,1,1,1,1,1,1,1,1,1,1,411,3,53,,0.0,1,1,1,1,0,1,1,1,222.43677036666668,False
480,1,1,1,1,0,1,1,1,1,1,1,1,0,1,1,1,4030,3,530,,0.0,1,1,1,0,1,0,1,1,4115.987581516667,True
481,1,1,1,1,1,1,1,1,1,1,1,1,1,1,1,1,4038,3,531,,0.0,1,1,1,1,0,1,1,1,229.46874065,False
482,1,1,1,1,1,1,1,1,1,1,1,1,1,1,1,1,4046,3,532,,0.0,1,1,1,1,0,1,1,1,291.64897648333334,True
483,1,1,1,1,1,1,1,1,1,1,1,1,1,1,1,1,4054,3,533,,0.0,1,1,1,1,0,1,1,1,240.48038666666667,False
484,1,1,1,1,1,1,1,1,1,1,1,1,1,1,1,1,4062,3,534,,0.0,1,1,1,1,0,1,1,1,195.64574128333334,False
485,1,1,1,1,1,1,1,1,1,1,1,1,1,1,1,1,4070,3,535,,0.0,1,1,1,1,0,1,1,1,215.66434075,False
486,1,1,1,1,1,1,1,1,1,1,1,1,1,1,1,1,4078,3,536,,0.0,1,1,1,1,0,1,1,1,235.82119208333333,False
487,1,1,1,1,1,1,1,1,1,1,1,1,1,1,1,1,4086,3,537,,0.0,1,1,1,1,0,1,1,1,219.37506748333334,False
488,1,1,1,1,0,1,1,1,1,1,1,1,0,1,1,1,4093,3,538,,0.0,1,1,1,0,1,0,1,1,198.69147438333334,False
489,1,1,1,1,0,1,1,1,1,1,1,1,0,1,1,1,4100,4,539,,0.0,1,1,1,0,1,0,1,1,236.15465793333334,False
490,1,1,1,1,1,1,1,1,1,1,1,1,1,1,1,1,419,3,54,,0.0,1,1,1,1,0,1,1,1,294.0384072333333,True
491,1,1,1,1,0,1,1,1,1,1,1,1,0,1,1,1,4107,5,540,,0.0,1,1,1,0,1,0,1,1,1125.6352848666668,True
492,1,1,1,1,0,1,1,1,1,1,1,1,0,1,1,1,4114,4,541,,0.0,1,1,1,0,1,0,1,1,2161.6103884833333,True
493,1,1,1,1,0,1,1,1,1,1,1,1,0,1,1,1,4121,3,542,,0.0,1,1,1,0,1,0,1,1,1283.98461565,True
494,1,1,1,1,1,1,1,1,1,1,1,1,1,1,1,1,4129,3,543,,0.0,1,1,1,1,0,1,1,1,281.65508596666666,True
495,1,1,1,1,0,1,1,1,1,1,1,1,0,1,1,1,4136,4,544,,0.0,1,1,1,0,1,0,1,1,241.64350393333333,False
496,1,1,1,1,1,1,1,1,1,1,1,1,1,1,1,1,4144,4,545,,0.0,1,1,1,1,0,1,1,1,1233.4712118666666,True
497,1,1,1,1,1,1,1,1,1,1,1,1,1,1,1,1,4152,4,546,,0.0,1,1,1,1,0,1,1,1,221.63243838333332,False
498,1,1,1,1,1,1,1,1,1,1,1,1,1,1,1,1,4160,4,547,,0.0,1,1,1,1,0,1,1,1,242.51795203333333,False
499,1,1,1,1,1,1,1,1,1,1,1,1,1,1,1,1,4168,4,548,,0.0,1,1,1,1,0,1,1,1,215.33165436666667,False
500,1,1,1,1,1,1,1,1,1,1,1,1,1,1,1,1,4176,4,549,,0.0,1,1,1,1,0,1,1,1,193.42845966666667,False
501,1,1,1,1,1,1,1,1,1,1,1,1,1,1,1,1,427,3,55,,0.0,1,1,1,1,0,1,1,1,240.4431596,False
502,1,1,1,1,0,1,1,1,1,1,1,1,0,1,1,1,4183,4,550,,0.0,1,1,1,0,1,0,1,1,303.2300365666667,True
503,1,1,1,1,1,1,1,1,1,1,1,1,1,1,1,1,4191,4,551,,0.0,1,1,1,1,0,1,1,1,209.19208655,False
504,1,1,1,1,1,1,1,1,1,1,1,1,1,1,1,1,4199,4,552,,0.0,1,1,1,1,0,1,1,1,177.12411196666667,False
505,1,1,1,1,1,1,1,1,1,1,1,1,1,1,1,1,4207,4,553,,0.0,1,1,1,1,0,1,1,1,226.3968471,False
506,1,1,1,1,0,1,1,1,1,1,1,1,0,1,1,1,4214,4,554,,0.0,1,1,1,0,1,0,1,1,302.6874688166667,True
507,1,1,1,1,0,1,1,1,1,1,1,1,0,1,1,1,4221,0,555,,0.0,1,1,1,0,1,0,1,1,1171.3511085166667,True
508,1,1,1,1,0,1,1,1,1,1,1,1,0,1,1,1,4228,3,556,,0.0,1,1,1,0,1,0,1,1,2183.5254793833333,True
509,1,1,1,1,0,1,1,1,1,1,1,1,0,1,1,1,4235,0,557,,0.0,1,1,1,0,1,0,1,1,1198.48607565,True
510,1,1,1,1,1,1,1,1,1,1,1,1,1,1,1,1,4243,4,558,,0.0,1,1,1,1,0,1,1,1,239.38493126666665,False
511,1,1,1,1,1,1,1,1,1,1,1,1,1,1,1,1,4251,4,559,,0.0,1,1,1,1,0,1,1,1,214.10991851666665,False
512,1,1,1,1,1,1,1,1,1,1,1,1,1,1,1,1,435,3,56,,0.0,1,1,1,1,0,1,1,1,1179.092159,True
513,1,1,1,1,0,1,1,1,1,1,1,1,0,1,1,1,4258,0,560,,0.0,1,1,1,0,1,0,1,1,244.98438426666667,False
514,1,1,1,1,1,1,1,1,1,1,1,1,1,1,1,1,4266,0,561,,0.0,1,1,1,1,0,1,1,1,299.2999476,True
515,1,1,1,1,0,1,1,1,1,1,1,1,0,1,1,1,4273,0,562,,0.0,1,1,1,0,1,0,1,1,214.92869416666667,False
516,1,1,1,1,1,1,1,1,1,1,1,1,1,1,1,1,4281,0,563,,0.0,1,1,1,1,0,1,1,1,177.99470458333334,False
517,1,1,1,1,1,1,1,1,1,1,1,1,1,1,1,1,4289,0,564,,0.0,1,1,1,1,0,1,1,1,211.36185766666668,False
518,1,1,1,1,1,1,1,1,1,1,1,1,1,1,1,1,4297,0,565,,0.0,1,1,1,1,0,1,1,1,294.0954451,True
519,1,1,1,1,0,1,1,1,1,1,1,1,0,1,1,1,4304,0,566,,0.0,1,1,1,0,1,0,1,1,235.05120828333332,False
520,1,1,1,1,1,1,1,1,1,1,1,1,1,1,1,1,4312,0,567,,0.0,1,1,1,1,0,1,1,1,194.5802516,False
521,1,1,1,1,1,1,1,1,1,1,1,1,1,1,1,1,4320,0,568,,0.0,1,1,1,1,0,1,1,1,226.4640685,False
522,1,1,1,1,1,1,1,1,1,1,1,1,1,1,1,1,4328,0,569,,0.0,1,1,1,1,0,1,1,1,237.1935996,False
523,1,1,1,1,1,1,1,1,1,1,1,1,1,1,1,1,443,3,57,,0.0,1,1,1,1,0,1,1,1,1334.3390922,True
524,1,1,1,1,1,1,1,1,1,1,1,1,1,1,1,1,4336,0,570,,0.0,1,1,1,1,0,1,1,1,2139.5853062833335,True
525,1,1,1,1,0,1,1,1,1,1,1,1,0,1,1,1,4343,1,571,,0.0,1,1,1,0,1,0,1,1,1264.8686333,True
526,1,1,1,1,0,1,1,1,1,1,1,1,0,1,1,1,4350,2,572,,0.0,1,1,1,0,1,0,1,1,288.6437096166667,True
527,1,1,1,1,0,1,1,1,1,1,1,1,0,1,1,1,4357,1,573,,0.0,1,1,1,0,1,0,1,1,205.68986118333333,False
528,1,1,1,1,0,1,1,1,1,1,1,1,0,1,1,1,4364,0,574,,0.0,1,1,1,0,1,0,1,1,1178.6666424333334,True
529,1,1,1,1,1,1,1,1,1,1,1,1,1,1,1,1,4372,0,575,,0.0,1,1,1,1,0,1,1,1,221.88480786666668,False
530,1,1,1,1,0,1,1,1,1,1,1,1,0,1,1,1,4379,1,576,,0.0,1,1,1,0,1,0,1,1,294.94044295,True
531,1,1,1,1,1,1,1,1,1,1,1,1,1,1,1,1,4387,1,577,,0.0,1,1,1,1,0,1,1,1,235.31082768333334,False
532,1,1,1,1,0,1,1,1,1,1,1,1,0,1,1,1,4394,1,578,,0.0,1,1,1,0,1,0,1,1,196.86323975,False
533,1,1,1,1,1,1,1,1,1,1,1,1,1,1,1,1,4402,1,579,,0.0,1,1,1,1,0,1,1,1,230.9233156,False
534,1,1,1,1,0,1,1,1,1,1,1,1,0,1,1,1,450,3,58,,0.0,1,1,1,0,1,0,1,1,245.87748905,False
535,1,1,1,1,1,1,1,1,1,1,1,1,1,1,1,1,4410,1,580,,0.0,1,1,1,1,0,1,1,1,213.92292498333333,False
536,1,1,1,1,1,1,1,1,1,1,1,1,1,1,1,1,4418,1,581,,0.0,1,1,1,1,0,1,1,1,197.69076673333333,False
537,1,1,1,1,1,1,1,1,1,1,1,1,1,1,1,1,4426,1,582,,0.0,1,1,1,1,0,1,1,1,241.90493141666667,False
538,1,1,1,1,1,1,1,1,1,1,1,1,1,1,1,1,4434,1,583,,0.0,1,1,1,1,0,1,1,1,286.26678246666665,True
539,1,1,1,1,1,1,1,1,1,1,1,1,1,1,1,1,4442,1,584,,0.0,1,1,1,1,0,1,1,1,1221.9379277666667,True
540,1,1,1,1,1,1,1,1,1,1,1,1,1,1,1,1,4450,1,585,,0.0,1,1,1,1,0,1,1,1,2101.12527945,True
541,1,1,1,1,0,1,1,1,1,1,1,1,0,1,1,1,4457,1,586,,0.0,1,1,1,0,1,0,1,1,1137.2869318333333,True
542,1,1,1,1,0,1,1,1,1,1,1,1,0,1,1,1,4464,2,587,,0.0,1,1,1,0,1,0,1,1,296.5079540666667,True
543,1,1,1,1,0,1,1,1,1,1,1,1,0,1,1,1,4471,3,588,,0.0,1,1,1,0,1,0,1,1,248.27121833333334,False
544,1,1,1,1,0,1,1,1,1,1,1,1,0,1,1,1,4478,2,589,,0.0,1,1,1,0,1,0,1,1,1164.1824308666667,True
545,1,1,1,1,0,1,1,1,1,1,1,1,0,1,1,1,457,4,59,,0.0,1,1,1,0,1,0,1,1,228.84243061666666,False
546,1,1,1,1,0,1,1,1,1,1,1,1,0,1,1,1,4485,1,590,,0.0,1,1,1,0,1,0,1,1,244.02478878333332,False
547,1,1,1,1,1,1,1,1,1,1,1,1,1,1,1,1,4493,1,591,,0.0,1,1,1,1,0,1,1,1,220.44918956666666,False
548,1,1,1,1,0,1,1,1,1,1,1,1,0,1,1,1,4500,2,592,,0.0,1,1,1,0,1,0,1,1,201.57516925,False
549,1,1,1,1,1,1,1,1,1,1,1,1,1,1,1,1,4508,2,593,,0.0,1,1,1,1,0,1,1,1,248.62491066666666,False
550,1,1,1,1,1,1,1,1,1,1,1,1,1,1,1,1,4516,2,594,,0.0,1,1,1,1,0,1,1,1,277.13171101666666,True
551,1,1,1,1,1,1,1,1,1,1,1,1,1,1,1,1,4524,2,595,,0.0,1,1,1,1,0,1,1,1,224.62486491666667,False
552,1,1,1,1,1,1,1,1,1,1,1,1,1,1,1,1,4532,2,596,,0.0,1,1,1,1,0,1,1,1,170.19506961666667,False
553,1,1,1,1,1,1,1,1,1,1,1,1,1,1,1,1,4540,2,597,,0.0,1,1,1,1,0,1,1,1,227.7333707,False
554,1,1,1,1,0,1,1,1,1,1,1,1,0,1,1,1,4547,2,598,,0.0,1,1,1,0,1,0,1,1,282.25354668333335,True
555,1,1,1,1,1,1,1,1,1,1,1,1,1,1,1,1,4555,2,599,,0.0,1,1,1,1,0,1,1,1,4121.0561807,True
556,1,1,1,1,1,1,1,1,1,1,1,1,1,1,1,1,54,0,6,,0.0,1,1,1,1,0,1,1,1,8634.487398366668,True
557,1,1,1,1,0,1,1,1,1,1,1,1,0,1,1,1,464,5,60,,0.0,1,1,1,0,1,0,1,1,4096.737031166666,True
558,1,1,1,1,1,1,1,1,1,1,1,1,1,1,1,1,4563,2,600,,0.0,1,1,1,1,0,1,1,1,243.44381655,False
559,1,1,1,1,1,1,1,1,1,1,1,1,1,1,1,1,4571,2,601,,0.0,1,1,1,1,0,1,1,1,223.53246745,False
560,1,1,1,1,0,1,1,1,1,1,1,1,0,1,1,1,4578,2,602,,0.0,1,1,1,0,1,0,1,1,3588.28877405,True
561,1,1,1,1,0,1,1,1,1,1,1,1,0,1,1,1,4585,3,603,,0.0,1,1,1,0,1,0,1,1,240.7393071,False
562,1,1,1,1,0,1,1,1,1,1,1,1,0,1,1,1,4592,4,604,,0.0,1,1,1,0,1,0,1,1,287.9300971833333,True
563,1,1,1,1,0,1,1,1,1,1,1,1,0,1,1,1,4599,3,605,,0.0,1,1,1,0,1,0,1,1,214.6813328,False
564,1,1,1,1,1,1,1,1,1,1,1,1,1,1,1,1,4607,2,606,,0.0,1,1,1,1,0,1,1,1,183.32544783333333,False
565,1,1,1,1,1,1,1,1,1,1,1,1,1,1,1,1,4615,2,607,,0.0,1,1,1,1,0,1,1,1,221.28019098333334,False
566,1,1,1,1,0,1,1,1,1,1,1,1,0,1,1,1,4622,3,608,,0.0,1,1,1,0,1,0,1,1,285.8092409166667,True
567,1,1,1,1,1,1,1,1,1,1,1,1,1,1,1,1,4630,3,609,,0.0,1,1,1,1,0,1,1,1,245.68446323333333,False
568,1,1,1,1,0,1,1,1,1,1,1,1,0,1,1,1,471,4,61,,0.0,1,1,1,0,1,0,1,1,200.40230711666666,False
569,1,1,1,1,0,1,1,1,1,1,1,1,0,1,1,1,4637,3,610,,0.0,1,1,1,0,1,0,1,1,227.49632583333334,False
570,1,1,1,1,1,1,1,1,1,1,1,1,1,1,1,1,4645,3,611,,0.0,1,1,1,1,0,1,1,1,243.80694946666668,False
571,1,1,1,1,1,1,1,1,1,1,1,1,1,1,1,1,4653,3,612,,0.0,1,1,1,1,0,1,1,1,1202.28033925,True
572,1,1,1,1,1,1,1,1,1,1,1,1,1,1,1,1,4661,3,613,,0.0,1,1,1,1,0,1,1,1,2162.57029965,True
573,1,1,1,1,0,1,1,1,1,1,1,1,0,1,1,1,4668,3,614,,0.0,1,1,1,0,1,0,1,1,1227.5478089333333,True
574,1,1,1,1,1,1,1,1,1,1,1,1,1,1,1,1,4676,3,615,,0.0,1,1,1,1,0,1,1,1,288.8784413166667,True
575,1,1,1,1,1,1,1,1,1,1,1,1,1,1,1,1,4684,3,616,,0.0,1,1,1,1,0,1,1,1,222.52546515,False
576,1,1,1,1,1,1,1,1,1,1,1,1,1,1,1,1,4692,3,617,,0.0,1,1,1,1,0,1,1,1,1201.0510104666666,True
577,1,1,1,1,1,1,1,1,1,1,1,1,1,1,1,1,4700,3,618,,0.0,1,1,1,1,0,1,1,1,218.68922821666666,False
578,1,1,1,1,0,1,1,1,1,1,1,1,0,1,1,1,4707,4,619,,0.0,1,1,1,0,1,0,1,1,281.3015147,True
579,1,1,1,1,0,1,1,1,1,1,1,1,0,1,1,1,478,3,62,,0.0,1,1,1,0,1,0,1,1,246.89127638333332,False
580,1,1,1,1,0,1,1,1,1,1,1,1,0,1,1,1,4714,5,620,,0.0,1,1,1,0,1,0,1,1,197.10345055,False
581,1,1,1,1,0,1,1,1,1,1,1,1,0,1,1,1,4721,4,621,,0.0,1,1,1,0,1,0,1,1,217.63222501666667,False
582,1,1,1,1,0,1,1,1,1,1,1,1,0,1,1,1,4728,3,622,,0.0,1,1,1,0,1,0,1,1,241.74306376666667,False
583,1,1,1,1,1,1,1,1,1,1,1,1,1,1,1,1,4736,3,623,,0.0,1,1,1,1,0,1,1,1,215.17949241666668,False
584,1,1,1,1,0,1,1,1,1,1,1,1,0,1,1,1,4743,4,624,,0.0,1,1,1,0,1,0,1,1,196.17983361666666,False
585,1,1,1,1,1,1,1,1,1,1,1,1,1,1,1,1,4751,4,625,,0.0,1,1,1,1,0,1,1,1,229.57336456666667,False
586,1,1,1,1,0,1,1,1,1,1,1,1,0,1,1,1,4758,4,626,,0.0,1,1,1,0,1,0,1,1,293.53038026666667,True
587,1,1,1,1,1,1,1,1,1,1,1,1,1,1,1,1,4766,4,627,,0.0,1,1,1,1,0,1,1,1,1109.2283537666667,True
588,1,1,1,1,1,1,1,1,1,1,1,1,1,1,1,1,4774,4,628,,0.0,1,1,1,1,0,1,1,1,2154.4756035333335,True
589,1,1,1,1,1,1,1,1,1,1,1,1,1,1,1,1,4782,4,629,,0.0,1,1,1,1,0,1,1,1,1287.7420646666667,True
590,1,1,1,1,1,1,1,1,1,1,1,1,1,1,1,1,486,3,63,,0.0,1,1,1,1,0,1,1,1,291.1001944,True
591,1,1,1,1,1,1,1,1,1,1,1,1,1,1,1,1,4790,4,630,,0.0,1,1,1,1,0,1,1,1,242.63426823333333,False
592,1,1,1,1,1,1,1,1,1,1,1,1,1,1,1,1,4798,4,631,,0.0,1,1,1,1,0,1,1,1,1237.6282791333333,True
593,1,1,1,1,1,1,1,1,1,1,1,1,1,1,1,1,4806,4,632,,0.0,1,1,1,1,0,1,1,1,219.32184448333334,False
594,1,1,1,1,1,1,1,1,1,1,1,1,1,1,1,1,4814,4,633,,0.0,1,1,1,1,0,1,1,1,238.92381131666667,False
595,1,1,1,1,0,1,1,1,1,1,1,1,0,1,1,1,4821,4,634,,0.0,1,1,1,0,1,0,1,1,224.87790805,False
596,1,1,1,1,0,1,1,1,1,1,1,1,0,1,1,1,4828,0,635,,0.0,1,1,1,0,1,0,1,1,204.48315206666666,False
597,1,1,1,1,0,1,1,1,1,1,1,1,0,1,1,1,4835,2,636,,0.0,1,1,1,0,1,0,1,1,237.62729691666667,False
598,1,1,1,1,0,1,1,1,1,1,1,1,0,1,1,1,4842,0,637,,0.0,1,1,1,0,1,0,1,1,290.10084578333334,True
599,1,1,1,1,0,1,1,1,1,1,1,1,0,1,1,1,4849,4,638,,0.0,1,1,1,0,1,0,1,1,223.01395066666666,False
600,1,1,1,1,1,1,1,1,1,1,1,1,1,1,1,1,4857,4,639,,0.0,1,1,1,1,0,1,1,1,183.17777106666668,False
601,1,1,1,1,0,1,1,1,1,1,1,1,0,1,1,1,493,4,64,,0.0,1,1,1,0,1,0,1,1,221.14201916666667,False
602,1,1,1,1,0,1,1,1,1,1,1,1,0,1,1,1,4864,0,640,,0.0,1,1,1,0,1,0,1,1,287.01754716666665,True
603,1,1,1,1,1,1,1,1,1,1,1,1,1,1,1,1,4872,0,641,,0.0,1,1,1,1,0,1,1,1,1243.8657100833334,True
604,1,1,1,1,1,1,1,1,1,1,1,1,1,1,1,1,4880,0,642,,0.0,1,1,1,1,0,1,1,1,2007.5192176,True
605,1,1,1,1,1,1,1,1,1,1,1,1,1,1,1,1,4888,0,643,,0.0,1,1,1,1,0,1,1,1,1180.841453,True
606,1,1,1,1,1,1,1,1,1,1,1,1,1,1,1,1,4896,0,644,,0.0,1,1,1,1,0,1,1,1,237.17271966666667,False
607,1,1,1,1,1,1,1,1,1,1,1,1,1,1,1,1,4904,0,645,,0.0,1,1,1,1,0,1,1,1,228.9477199,False
608,1,1,1,1,0,1,1,1,1,1,1,1,0,1,1,1,4911,0,646,,0.0,1,1,1,0,1,0,1,1,1167.0694424333333,True
609,1,1,1,1,1,1,1,1,1,1,1,1,1,1,1,1,4919,0,647,,0.0,1,1,1,1,0,1,1,1,230.51896411666667,False
610,1,1,1,1,1,1,1,1,1,1,1,1,1,1,1,1,4927,0,648,,0.0,1,1,1,1,0,1,1,1,301.41078725,True
611,1,1,1,1,1,1,1,1,1,1,1,1,1,1,1,1,4935,0,649,,0.0,1,1,1,1,0,1,1,1,219.565066,False
612,1,1,1,1,1,1,1,1,1,1,1,1,1,1,1,1,501,4,65,,0.0,1,1,1,1,0,1,1,1,174.38595231666667,False
613,1,1,1,1,0,1,1,1,1,1,1,1,0,1,1,1,4942,0,650,,0.0,1,1,1,0,1,0,1,1,228.93684453333333,False
614,1,1,1,1,0,1,1,1,1,1,1,1,0,1,1,1,4949,1,651,,0.0,1,1,1,0,1,0,1,1,278.73043545,True
615,1,1,1,1,0,1,1,1,1,1,1,1,0,1,1,1,4956,2,652,,0.0,1,1,1,0,1,0,1,1,233.6627101,False
616,1,1,1,1,0,1,1,1,1,1,1,1,0,1,1,1,4963,1,653,,0.0,1,1,1,0,1,0,1,1,204.34194506666665,False
617,1,1,1,1,1,1,1,1,1,1,1,1,1,1,1,1,4971,0,654,,0.0,1,1,1,1,0,1,1,1,219.11270895,False
618,1,1,1,1,1,1,1,1,1,1,1,1,1,1,1,1,4979,0,655,,0.0,1,1,1,1,0,1,1,1,246.36064541666667,False
619,1,1,1,1,0,1,1,1,1,1,1,1,0,1,1,1,4986,1,656,,0.0,1,1,1,0,1,0,1,1,1246.7135372666667,True
620,1,1,1,1,0,1,1,1,1,1,1,1,0,1,1,1,4993,1,657,,0.0,1,1,1,0,1,0,1,1,2155.8810794,True
621,1,1,1,1,0,1,1,1,1,1,1,1,0,1,1,1,5000,1,658,,0.0,1,1,1,0,1,0,1,1,1209.2616857333333,True
622,1,1,1,1,1,1,1,1,1,1,1,1,1,1,1,1,5008,1,659,,0.0,1,1,1,1,0,1,1,1,293.51177543333336,True
623,1,1,1,1,1,1,1,1,1,1,1,1,1,1,1,1,509,4,66,,0.0,1,1,1,1,0,1,1,1,212.3039338,False
624,1,1,1,1,1,1,1,1,1,1,1,1,1,1,1,1,5016,1,660,,0.0,1,1,1,1,0,1,1,1,1168.25203345,True
625,1,1,1,1,1,1,1,1,1,1,1,1,1,1,1,1,5024,1,661,,0.0,1,1,1,1,0,1,1,1,227.1443902,False
626,1,1,1,1,0,1,1,1,1,1,1,1,0,1,1,1,5031,1,662,,0.0,1,1,1,0,1,0,1,1,283.9749134666667,True
627,1,1,1,1,1,1,1,1,1,1,1,1,1,1,1,1,5039,1,663,,0.0,1,1,1,1,0,1,1,1,237.31129611666665,False
628,1,1,1,1,1,1,1,1,1,1,1,1,1,1,1,1,5047,1,664,,0.0,1,1,1,1,0,1,1,1,199.1470909,False
629,1,1,1,1,1,1,1,1,1,1,1,1,1,1,1,1,5055,1,665,,0.0,1,1,1,1,0,1,1,1,221.46440278333333,False
630,1,1,1,1,1,1,1,1,1,1,1,1,1,1,1,1,5063,1,666,,0.0,1,1,1,1,0,1,1,1,227.18379116666668,False
631,1,1,1,1,0,1,1,1,1,1,1,1,0,1,1,1,5070,2,667,,0.0,1,1,1,0,1,0,1,1,221.36949058333335,False
632,1,1,1,1,0,1,1,1,1,1,1,1,0,1,1,1,5077,3,668,,0.0,1,1,1,0,1,0,1,1,204.97714743333333,False
633,1,1,1,1,0,1,1,1,1,1,1,1,0,1,1,1,5084,2,669,,0.0,1,1,1,0,1,0,1,1,232.49629113333333,False
634,1,1,1,1,1,1,1,1,1,1,1,1,1,1,1,1,517,4,67,,0.0,1,1,1,1,0,1,1,1,294.18037296666665,True
635,1,1,1,1,0,1,1,1,1,1,1,1,0,1,1,1,5091,1,670,,0.0,1,1,1,0,1,0,1,1,4528.569992433333,True
636,1,1,1,1,1,1,1,1,1,1,1,1,1,1,1,1,5099,1,671,,0.0,1,1,1,1,0,1,1,1,7467.4485417333335,True
637,1,1,1,1,0,1,1,1,1,1,1,1,0,1,1,1,5106,2,672,,0.0,1,1,1,0,1,0,1,1,4078.3189960833333,True
638,1,1,1,1,1,1,1,1,1,1,1,1,1,1,1,1,5114,2,673,,0.0,1,1,1,1,0,1,1,1,292.54842263333336,True
639,1,1,1,1,0,1,1,1,1,1,1,1,0,1,1,1,5121,2,674,,0.0,1,1,1,0,1,0,1,1,241.79829955,False
640,1,1,1,1,1,1,1,1,1,1,1,1,1,1,1,1,5129,2,675,,0.0,1,1,1,1,0,1,1,1,3837.0910659666665,True
641,1,1,1,1,1,1,1,1,1,1,1,1,1,1,1,1,5137,2,676,,0.0,1,1,1,1,0,1,1,1,211.85307125,False
642,1,1,1,1,1,1,1,1,1,1,1,1,1,1,1,1,5145,2,677,,0.0,1,1,1,1,0,1,1,1,245.05655665,False
643,1,1,1,1,1,1,1,1,1,1,1,1,1,1,1,1,5153,2,678,,0.0,1,1,1,1,0,1,1,1,223.31784693333333,False
644,1,1,1,1,1,1,1,1,1,1,1,1,1,1,1,1,5161,2,679,,0.0,1,1,1,1,0,1,1,1,192.38252621666666,False
645,1,1,1,1,1,1,1,1,1,1,1,1,1,1,1,1,525,4,68,,0.0,1,1,1,1,0,1,1,1,229.99396925,False
646,1,1,1,1,1,1,1,1,1,1,1,1,1,1,1,1,5169,2,680,,0.0,1,1,1,1,0,1,1,1,287.08898401666664,True
647,1,1,1,1,1,1,1,1,1,1,1,1,1,1,1,1,5177,2,681,,0.0,1,1,1,1,0,1,1,1,220.92845228333334,False
648,1,1,1,1,0,1,1,1,1,1,1,1,0,1,1,1,5184,2,682,,0.0,1,1,1,0,1,0,1,1,180.06241181666667,False
649,1,1,1,1,0,1,1,1,1,1,1,1,0,1,1,1,5191,3,683,,0.0,1,1,1,0,1,0,1,1,222.20066271666667,False
650,1,1,1,1,0,1,1,1,1,1,1,1,0,1,1,1,5198,4,684,,0.0,1,1,1,0,1,0,1,1,281.22595015,True
651,1,1,1,1,0,1,1,1,1,1,1,1,0,1,1,1,5205,3,685,,0.0,1,1,1,0,1,0,1,1,1323.2103660833334,True
652,1,1,1,1,0,1,1,1,1,1,1,1,0,1,1,1,5212,2,686,,0.0,1,1,1,0,1,0,1,1,2135.3621355,True
653,1,1,1,1,1,1,1,1,1,1,1,1,1,1,1,1,5220,2,687,,0.0,1,1,1,1,0,1,1,1,1255.7586106833332,True
654,1,1,1,1,0,1,1,1,1,1,1,1,0,1,1,1,5227,3,688,,0.0,1,1,1,0,1,0,1,1,238.6453895,False
655,1,1,1,1,1,1,1,1,1,1,1,1,1,1,1,1,5235,3,689,,0.0,1,1,1,1,0,1,1,1,220.76481728333334,False
656,1,1,1,1,1,1,1,1,1,1,1,1,1,1,1,1,533,4,69,,0.0,1,1,1,1,0,1,1,1,1159.74429865,True
657,1,1,1,1,1,1,1,1,1,1,1,1,1,1,1,1,5243,3,690,,0.0,1,1,1,1,0,1,1,1,280.1704069333333,True
658,1,1,1,1,1,1,1,1,1,1,1,1,1,1,1,1,5251,3,691,,0.0,1,1,1,1,0,1,1,1,284.0816016,True
659,1,1,1,1,1,1,1,1,1,1,1,1,1,1,1,1,5259,3,692,,0.0,1,1,1,1,0,1,1,1,220.55424778333332,False
660,1,1,1,1,0,1,1,1,1,1,1,1,0,1,1,1,5266,3,693,,0.0,1,1,1,0,1,0,1,1,177.42985311666666,False
661,1,1,1,1,0,1,1,1,1,1,1,1,0,1,1,1,5273,3,694,,0.0,1,1,1,0,1,0,1,1,221.36259715,False
662,1,1,1,1,1,1,1,1,1,1,1,1,1,1,1,1,5281,3,695,,0.0,1,1,1,1,0,1,1,1,287.3058938,True
663,1,1,1,1,1,1,1,1,1,1,1,1,1,1,1,1,5289,3,696,,0.0,1,1,1,1,0,1,1,1,246.59341116666667,False
664,1,1,1,1,1,1,1,1,1,1,1,1,1,1,1,1,5297,3,697,,0.0,1,1,1,1,0,1,1,1,194.59503176666666,False
665,1,1,1,1,0,1,1,1,1,1,1,1,0,1,1,1,5304,3,698,,0.0,1,1,1,0,1,0,1,1,211.87790091666668,False
666,1,1,1,1,0,1,1,1,1,1,1,1,0,1,1,1,5311,4,699,,0.0,1,1,1,0,1,0,1,1,243.35326436666668,False
667,1,1,1,1,1,1,1,1,1,1,1,1,1,1,1,1,62,0,7,,0.0,1,1,1,1,0,1,1,1,1237.1091733166666,True
668,1,1,1,1,1,1,1,1,1,1,1,1,1,1,1,1,541,4,70,,0.0,1,1,1,1,0,1,1,1,2179.0602810333335,True
669,1,1,1,1,0,1,1,1,1,1,1,1,0,1,1,1,5318,5,700,,0.0,1,1,1,0,1,0,1,1,1169.0455892,True
670,1,1,1,1,0,1,1,1,1,1,1,1,0,1,1,1,5325,4,701,,0.0,1,1,1,0,1,0,1,1,291.96507753333333,True
671,1,1,1,1,1,1,1,1,1,1,1,1,1,1,1,1,5333,3,702,,0.0,1,1,1,1,0,1,1,1,211.69610233333333,False
672,1,1,1,1,1,1,1,1,1,1,1,1,1,1,1,1,5341,3,703,,0.0,1,1,1,1,0,1,1,1,1220.0701875666666,True
673,1,1,1,1,0,1,1,1,1,1,1,1,0,1,1,1,5348,4,704,,0.0,1,1,1,0,1,0,1,1,223.98620631666665,False
674,1,1,1,1,1,1,1,1,1,1,1,1,1,1,1,1,5356,4,705,,0.0,1,1,1,1,0,1,1,1,292.69194016666665,True
675,1,1,1,1,1,1,1,1,1,1,1,1,1,1,1,1,5364,4,706,,0.0,1,1,1,1,0,1,1,1,243.20604991666667,False
676,1,1,1,1,1,1,1,1,1,1,1,1,1,1,1,1,5372,4,707,,0.0,1,1,1,1,0,1,1,1,207.9337632,False
677,1,1,1,1,1,1,1,1,1,1,1,1,1,1,1,1,5380,4,708,,0.0,1,1,1,1,0,1,1,1,220.46297726666666,False
678,1,1,1,1,1,1,1,1,1,1,1,1,1,1,1,1,5388,4,709,,0.0,1,1,1,1,0,1,1,1,233.54066725,False
679,1,1,1,1,1,1,1,1,1,1,1,1,1,1,1,1,549,4,71,,0.0,1,1,1,1,0,1,1,1,217.1993344,False
680,1,1,1,1,0,1,1,1,1,1,1,1,0,1,1,1,5395,4,710,,0.0,1,1,1,0,1,0,1,1,204.60481331666668,False
681,1,1,1,1,1,1,1,1,1,1,1,1,1,1,1,1,5403,4,711,,0.0,1,1,1,1,0,1,1,1,244.30436715,False
682,1,1,1,1,1,1,1,1,1,1,1,1,1,1,1,1,5411,4,712,,0.0,1,1,1,1,0,1,1,1,296.57332875,True
683,1,1,1,1,1,1,1,1,1,1,1,1,1,1,1,1,5419,4,713,,0.0,1,1,1,1,0,1,1,1,1214.9727480333333,True
684,1,1,1,1,1,1,1,1,1,1,1,1,1,1,1,1,5427,4,714,,0.0,1,1,1,1,0,1,1,1,2247.82699395,True
685,1,1,1,1,0,1,1,1,1,1,1,1,0,1,1,1,5434,0,715,,0.0,1,1,1,0,1,0,1,1,1211.8652047666667,True
686,1,1,1,1,0,1,1,1,1,1,1,1,0,1,1,1,5441,3,716,,0.0,1,1,1,0,1,0,1,1,298.08953088333334,True
687,1,1,1,1,0,1,1,1,1,1,1,1,0,1,1,1,5448,1,717,,0.0,1,1,1,0,1,0,1,1,240.16090595,False
688,1,1,1,1,1,1,1,1,1,1,1,1,1,1,1,1,5456,4,718,,0.0,1,1,1,1,0,1,1,1,1174.9886876333333,True
689,1,1,1,1,1,1,1,1,1,1,1,1,1,1,1,1,5464,4,719,,0.0,1,1,1,1,0,1,1,1,224.78786326666668,False
690,1,1,1,1,1,1,1,1,1,1,1,1,1,1,1,1,557,4,72,,0.0,1,1,1,1,0,1,1,1,237.2693563,False
691,1,1,1,1,0,1,1,1,1,1,1,1,0,1,1,1,5471,0,720,,0.0,1,1,1,0,1,0,1,1,217.69968505,False
692,1,1,1,1,1,1,1,1,1,1,1,1,1,1,1,1,5479,0,721,,0.0,1,1,1,1,0,1,1,1,204.87445473333332,False
693,1,1,1,1,0,1,1,1,1,1,1,1,0,1,1,1,5486,0,722,,0.0,1,1,1,0,1,0,1,1,284.3636348333333,True
694,1,1,1,1,1,1,1,1,1,1,1,1,1,1,1,1,5494,0,723,,0.0,1,1,1,1,0,1,1,1,300.9400976333333,True
695,1,1,1,1,1,1,1,1,1,1,1,1,1,1,1,1,5502,0,724,,0.0,1,1,1,1,0,1,1,1,214.02863553333333,False
696,1,1,1,1,1,1,1,1,1,1,1,1,1,1,1,1,5510,0,725,,0.0,1,1,1,1,0,1,1,1,178.78776776666666,False
697,1,1,1,1,0,1,1,1,1,1,1,1,0,1,1,1,5517,0,726,,0.0,1,1,1,0,1,0,1,1,214.44390758333333,False
698,1,1,1,1,1,1,1,1,1,1,1,1,1,1,1,1,5525,0,727,,0.0,1,1,1,1,0,1,1,1,285.5501998666667,True
699,1,1,1,1,1,1,1,1,1,1,1,1,1,1,1,1,5533,0,728,,0.0,1,1,1,1,0,1,1,1,1245.7271365,True
700,1,1,1,1,1,1,1,1,1,1,1,1,1,1,1,1,5541,0,729,,0.0,1,1,1,1,0,1,1,1,2122.3353961166667,True
701,1,1,1,1,1,1,1,1,1,1,1,1,1,1,1,1,565,4,73,,0.0,1,1,1,1,0,1,1,1,1064.9429630166667,True
702,1,1,1,1,1,1,1,1,1,1,1,1,1,1,1,1,5549,0,730,,0.0,1,1,1,1,0,1,1,1,239.97990306666668,False
703,1,1,1,1,0,1,1,1,1,1,1,1,0,1,1,1,5556,1,731,,0.0,1,1,1,0,1,0,1,1,220.64147838333332,False
704,1,1,1,1,0,1,1,1,1,1,1,1,0,1,1,1,5563,2,732,,0.0,1,1,1,0,1,0,1,1,1311.3488992666666,True
705,1,1,1,1,0,1,1,1,1,1,1,1,0,1,1,1,5570,1,733,,0.0,1,1,1,0,1,0,1,1,241.316998,False
706,1,1,1,1,0,1,1,1,1,1,1,1,0,1,1,1,5577,0,734,,0.0,1,1,1,0,1,0,1,1,243.09398183333334,False
707,1,1,1,1,0,1,1,1,1,1,1,1,0,1,1,1,5584,0,735,,0.0,1,1,1,0,1,0,1,1,216.74493041666668,False
708,1,1,1,1,0,1,1,1,1,1,1,1,0,1,1,1,5591,1,736,,0.0,1,1,1,0,1,0,1,1,176.9944215,False
709,1,1,1,1,1,1,1,1,1,1,1,1,1,1,1,1,5599,1,737,,0.0,1,1,1,1,0,1,1,1,237.47243398333333,False
710,1,1,1,1,1,1,1,1,1,1,1,1,1,1,1,1,5607,1,738,,0.0,1,1,1,1,0,1,1,1,299.2634454166667,True
711,1,1,1,1,1,1,1,1,1,1,1,1,1,1,1,1,5615,1,739,,0.0,1,1,1,1,0,1,1,1,242.87320863333332,False
712,1,1,1,1,0,1,1,1,1,1,1,1,0,1,1,1,572,4,74,,0.0,1,1,1,0,1,0,1,1,199.37296013333332,False
713,1,1,1,1,1,1,1,1,1,1,1,1,1,1,1,1,5623,1,740,,0.0,1,1,1,1,0,1,1,1,224.39616726666668,False
714,1,1,1,1,1,1,1,1,1,1,1,1,1,1,1,1,5631,1,741,,0.0,1,1,1,1,0,1,1,1,237.81751186666668,False
715,1,1,1,1,0,1,1,1,1,1,1,1,0,1,1,1,5638,1,742,,0.0,1,1,1,0,1,0,1,1,4173.663049983334,True
716,1,1,1,1,1,1,1,1,1,1,1,1,1,1,1,1,5646,1,743,,0.0,1,1,1,1,0,1,1,1,8512.301913533332,True
717,1,1,1,1,1,1,1,1,1,1,1,1,1,1,1,1,5654,1,744,,0.0,1,1,1,1,0,1,1,1,4850.894992366667,True
718,1,1,1,1,1,1,1,1,1,1,1,1,1,1,1,1,5662,1,745,,0.0,1,1,1,1,0,1,1,1,241.56297521666667,False
719,1,1,1,1,0,1,1,1,1,1,1,1,0,1,1,1,5669,1,746,,0.0,1,1,1,0,1,0,1,1,218.7221317,False
720,1,1,1,1,0,1,1,1,1,1,1,1,0,1,1,1,5676,2,747,,0.0,1,1,1,0,1,0,1,1,4019.873157483333,True
721,1,1,1,1,0,1,1,1,1,1,1,1,0,1,1,1,5683,2,748,,0.0,1,1,1,0,1,0,1,1,216.5622598,False
722,1,1,1,1,0,1,1,1,1,1,1,1,0,1,1,1,5690,2,749,,0.0,1,1,1,0,1,0,1,1,282.8320940666667,True
723,1,1,1,1,0,1,1,1,1,1,1,1,0,1,1,1,579,0,75,,0.0,1,1,1,0,1,0,1,1,237.90842266666667,False
724,1,1,1,1,1,1,1,1,1,1,1,1,1,1,1,1,5698,1,750,,0.0,1,1,1,1,0,1,1,1,189.37852553333335,False
725,1,1,1,1,1,1,1,1,1,1,1,1,1,1,1,1,5706,1,751,,0.0,1,1,1,1,0,1,1,1,233.93406083333332,False
726,1,1,1,1,0,1,1,1,1,1,1,1,0,1,1,1,5713,2,752,,0.0,1,1,1,0,1,0,1,1,288.77108988333333,True
727,1,1,1,1,1,1,1,1,1,1,1,1,1,1,1,1,5721,2,753,,0.0,1,1,1,1,0,1,1,1,218.66409776666666,False
728,1,1,1,1,0,1,1,1,1,1,1,1,0,1,1,1,5728,2,754,,0.0,1,1,1,0,1,0,1,1,196.08236945,False
729,1,1,1,1,1,1,1,1,1,1,1,1,1,1,1,1,5736,2,755,,0.0,1,1,1,1,0,1,1,1,235.91999078333333,False
730,1,1,1,1,1,1,1,1,1,1,1,1,1,1,1,1,5744,2,756,,0.0,1,1,1,1,0,1,1,1,248.96998416666668,False
731,1,1,1,1,1,1,1,1,1,1,1,1,1,1,1,1,5752,2,757,,0.0,1,1,1,1,0,1,1,1,1216.3901395833334,True
732,1,1,1,1,0,1,1,1,1,1,1,1,0,1,1,1,5759,2,758,,0.0,1,1,1,0,1,0,1,1,2132.636844466667,True
733,1,1,1,1,0,1,1,1,1,1,1,1,0,1,1,1,5766,2,759,,0.0,1,1,1,0,1,0,1,1,1200.1753335333333,True
734,1,1,1,1,0,1,1,1,1,1,1,1,0,1,1,1,586,3,76,,0.0,1,1,1,0,1,0,1,1,286.69033083333335,True
735,1,1,1,1,1,1,1,1,1,1,1,1,1,1,1,1,5774,2,760,,0.0,1,1,1,1,0,1,1,1,283.5977190333333,True
736,1,1,1,1,1,1,1,1,1,1,1,1,1,1,1,1,5782,2,761,,0.0,1,1,1,1,0,1,1,1,1252.9678281666668,True
737,1,1,1,1,1,1,1,1,1,1,1,1,1,1,1,1,5790,2,762,,0.0,1,1,1,1,0,1,1,1,224.89997413333333,False
738,1,1,1,1,0,1,1,1,1,1,1,1,0,1,1,1,5797,3,763,,0.0,1,1,1,0,1,0,1,1,220.55211541666668,False
739,1,1,1,1,0,1,1,1,1,1,1,1,0,1,1,1,5804,4,764,,0.0,1,1,1,0,1,0,1,1,212.47597663333335,False
740,1,1,1,1,0,1,1,1,1,1,1,1,0,1,1,1,5811,3,765,,0.0,1,1,1,0,1,0,1,1,195.1053607,False
741,1,1,1,1,0,1,1,1,1,1,1,1,0,1,1,1,5818,2,766,,0.0,1,1,1,0,1,0,1,1,246.91925455,False
742,1,1,1,1,1,1,1,1,1,1,1,1,1,1,1,1,5826,2,767,,0.0,1,1,1,1,0,1,1,1,292.8469652,True
743,1,1,1,1,0,1,1,1,1,1,1,1,0,1,1,1,5833,3,768,,0.0,1,1,1,0,1,0,1,1,221.89107246666666,False
744,1,1,1,1,1,1,1,1,1,1,1,1,1,1,1,1,5841,3,769,,0.0,1,1,1,1,0,1,1,1,174.91231461666666,False
745,1,1,1,1,0,1,1,1,1,1,1,1,0,1,1,1,593,0,77,,0.0,1,1,1,0,1,0,1,1,229.58104608333332,False
746,1,1,1,1,0,1,1,1,1,1,1,1,0,1,1,1,5848,3,770,,0.0,1,1,1,0,1,0,1,1,288.88550216666664,True
747,1,1,1,1,1,1,1,1,1,1,1,1,1,1,1,1,5856,3,771,,0.0,1,1,1,1,0,1,1,1,1279.8388682,True
748,1,1,1,1,1,1,1,1,1,1,1,1,1,1,1,1,5864,3,772,,0.0,1,1,1,1,0,1,1,1,1851.4079929666666,True
749,1,1,1,1,1,1,1,1,1,1,1,1,1,1,1,1,5872,3,773,,0.0,1,1,1,1,0,1,1,1,1172.5597069333332,True
750,1,1,1,1,1,1,1,1,1,1,1,1,1,1,1,1,5880,3,774,,0.0,1,1,1,1,0,1,1,1,247.32563495,False
751,1,1,1,1,1,1,1,1,1,1,1,1,1,1,1,1,5888,3,775,,0.0,1,1,1,1,0,1,1,1,218.2387573,False
752,1,1,1,1,1,1,1,1,1,1,1,1,1,1,1,1,5896,3,776,,0.0,1,1,1,1,0,1,1,1,1220.9294494666667,True
753,1,1,1,1,1,1,1,1,1,1,1,1,1,1,1,1,5904,3,777,,0.0,1,1,1,1,0,1,1,1,227.3281564,False
754,1,1,1,1,0,1,1,1,1,1,1,1,0,1,1,1,5911,3,778,,0.0,1,1,1,0,1,0,1,1,285.85238285,True
755,1,1,1,1,0,1,1,1,1,1,1,1,0,1,1,1,5918,4,779,,0.0,1,1,1,0,1,0,1,1,220.11187711666668,False
756,1,1,1,1,1,1,1,1,1,1,1,1,1,1,1,1,601,4,78,,0.0,1,1,1,1,0,1,1,1,189.41834033333333,False
757,1,1,1,1,0,1,1,1,1,1,1,1,0,1,1,1,5925,5,780,,0.0,1,1,1,0,1,0,1,1,223.87577483333334,False
758,1,1,1,1,0,1,1,1,1,1,1,1,0,1,1,1,5932,4,781,,0.0,1,1,1,0,1,0,1,1,279.4778626666667,True
759,1,1,1,1,0,1,1,1,1,1,1,1,0,1,1,1,5939,3,782,,0.0,1,1,1,0,1,0,1,1,277.3358129833333,True
760,1,1,1,1,1,1,1,1,1,1,1,1,1,1,1,1,5947,3,783,,0.0,1,1,1,1,0,1,1,1,201.66301903333334,False
761,1,1,1,1,0,1,1,1,1,1,1,1,0,1,1,1,5954,4,784,,0.0,1,1,1,0,1,0,1,1,220.19103773333333,False
762,1,1,1,1,1,1,1,1,1,1,1,1,1,1,1,1,5962,4,785,,0.0,1,1,1,1,0,1,1,1,241.09008373333333,False
763,1,1,1,1,1,1,1,1,1,1,1,1,1,1,1,1,5970,4,786,,0.0,1,1,1,1,0,1,1,1,1213.9948666,True
764,1,1,1,1,1,1,1,1,1,1,1,1,1,1,1,1,5978,4,787,,0.0,1,1,1,1,0,1,1,1,2220.99214085,True
765,1,1,1,1,1,1,1,1,1,1,1,1,1,1,1,1,5986,4,788,,0.0,1,1,1,1,0,1,1,1,1154.1163109166666,True
766,1,1,1,1,1,1,1,1,1,1,1,1,1,1,1,1,5994,4,789,,0.0,1,1,1,1,0,1,1,1,283.882215,True
767,1,1,1,1,1,1,1,1,1,1,1,1,1,1,1,1,609,4,79,,0.0,1,1,1,1,0,1,1,1,217.07612048333334,False
768,1,1,1,1,0,1,1,1,1,1,1,1,0,1,1,1,6001,4,790,,0.0,1,1,1,0,1,0,1,1,1202.09645705,True
769,1,1,1,1,1,1,1,1,1,1,1,1,1,1,1,1,6009,4,791,,0.0,1,1,1,1,0,1,1,1,226.72700213333334,False
770,1,1,1,1,1,1,1,1,1,1,1,1,1,1,1,1,6017,4,792,,0.0,1,1,1,1,0,1,1,1,298.68840943333333,True
771,1,1,1,1,1,1,1,1,1,1,1,1,1,1,1,1,6025,4,793,,0.0,1,1,1,1,0,1,1,1,228.41602031666667,False
772,1,1,1,1,0,1,1,1,1,1,1,1,0,1,1,1,6032,4,794,,0.0,1,1,1,0,1,0,1,1,186.70797115,False
773,1,1,1,1,0,1,1,1,1,1,1,1,0,1,1,1,6039,0,795,,0.0,1,1,1,0,1,0,1,1,228.5670428,False
774,1,1,1,1,0,1,1,1,1,1,1,1,0,1,1,1,6046,2,796,,0.0,1,1,1,0,1,0,1,1,240.78777158333332,False
775,1,1,1,1,0,1,1,1,1,1,1,1,0,1,1,1,6053,0,797,,0.0,1,1,1,0,1,0,1,1,226.50746866666665,False
776,1,1,1,1,1,1,1,1,1,1,1,1,1,1,1,1,6061,4,798,,0.0,1,1,1,1,0,1,1,1,198.99843028333333,False
777,1,1,1,1,1,1,1,1,1,1,1,1,1,1,1,1,6069,4,799,,0.0,1,1,1,1,0,1,1,1,237.25132163333333,False
778,1,1,1,1,1,1,1,1,1,1,1,1,1,1,1,1,70,0,8,,0.0,1,1,1,1,0,1,1,1,287.97271716666665,True
779,1,1,1,1,0,1,1,1,1,1,1,1,0,1,1,1,616,0,80,,0.0,1,1,1,0,1,0,1,1,1181.4202814,True
780,1,1,1,1,0,1,1,1,1,1,1,1,0,1,1,1,6076,0,800,,0.0,1,1,1,0,1,0,1,1,2048.1838884,True
781,1,1,1,1,1,1,1,1,1,1,1,1,1,1,1,1,6084,0,801,,0.0,1,1,1,1,0,1,1,1,1236.5599881333333,True
782,1,1,1,1,0,1,1,1,1,1,1,1,0,1,1,1,6091,0,802,,0.0,1,1,1,0,1,0,1,1,291.73384066666665,True
783,1,1,1,1,1,1,1,1,1,1,1,1,1,1,1,1,6099,0,803,,0.0,1,1,1,1,0,1,1,1,237.24331245,False
784,1,1,1,1,1,1,1,1,1,1,1,1,1,1,1,1,6107,0,804,,0.0,1,1,1,1,0,1,1,1,1266.6165098833333,True
785,1,1,1,1,1,1,1,1,1,1,1,1,1,1,1,1,6115,0,805,,0.0,1,1,1,1,0,1,1,1,213.56517388333333,False
786,1,1,1,1,0,1,1,1,1,1,1,1,0,1,1,1,6122,0,806,,0.0,1,1,1,0,1,0,1,1,236.24591701666668,False
787,1,1,1,1,1,1,1,1,1,1,1,1,1,1,1,1,6130,0,807,,0.0,1,1,1,1,0,1,1,1,216.43273491666667,False
788,1,1,1,1,1,1,1,1,1,1,1,1,1,1,1,1,6138,0,808,,0.0,1,1,1,1,0,1,1,1,202.19086215,False
789,1,1,1,1,1,1,1,1,1,1,1,1,1,1,1,1,6146,0,809,,0.0,1,1,1,1,0,1,1,1,240.28942021666666,False
790,1,1,1,1,1,1,1,1,1,1,1,1,1,1,1,1,624,0,81,,0.0,1,1,1,1,0,1,1,1,289.27268836666667,True
791,1,1,1,1,1,1,1,1,1,1,1,1,1,1,1,1,6154,0,810,,0.0,1,1,1,1,0,1,1,1,214.93000896666666,False
792,1,1,1,1,0,1,1,1,1,1,1,1,0,1,1,1,6161,1,811,,0.0,1,1,1,0,1,0,1,1,187.5876294,False
793,1,1,1,1,0,1,1,1,1,1,1,1,0,1,1,1,6168,2,812,,0.0,1,1,1,0,1,0,1,1,232.95971926666667,False
794,1,1,1,1,0,1,1,1,1,1,1,1,0,1,1,1,6175,1,813,,0.0,1,1,1,0,1,0,1,1,295.6512087666667,True
795,1,1,1,1,0,1,1,1,1,1,1,1,0,1,1,1,6182,0,814,,0.0,1,1,1,0,1,0,1,1,4408.012066566666,True
796,1,1,1,1,1,1,1,1,1,1,1,1,1,1,1,1,6190,0,815,,0.0,1,1,1,1,0,1,1,1,7056.837473966667,True
797,1,1,1,1,0,1,1,1,1,1,1,1,0,1,1,1,6197,1,816,,0.0,1,1,1,0,1,0,1,1,4722.033664883334,True
798,1,1,1,1,1,1,1,1,1,1,1,1,1,1,1,1,6205,1,817,,0.0,1,1,1,1,0,1,1,1,226.21305053333333,False
799,1,1,1,1,0,1,1,1,1,1,1,1,0,1,1,1,6212,1,818,,0.0,1,1,1,0,1,0,1,1,220.8774386,False
800,1,1,1,1,1,1,1,1,1,1,1,1,1,1,1,1,6220,1,819,,0.0,1,1,1,1,0,1,1,1,4152.321387316667,True
801,1,1,1,1,1,1,1,1,1,1,1,1,1,1,1,1,632,0,82,,0.0,1,1,1,1,0,1,1,1,239.92628643333333,False
802,1,1,1,1,1,1,1,1,1,1,1,1,1,1,1,1,6228,1,820,,0.0,1,1,1,1,0,1,1,1,288.64033036666666,True
803,1,1,1,1,1,1,1,1,1,1,1,1,1,1,1,1,6236,1,821,,0.0,1,1,1,1,0,1,1,1,210.98874961666667,False
804,1,1,1,1,1,1,1,1,1,1,1,1,1,1,1,1,6244,1,822,,0.0,1,1,1,1,0,1,1,1,184.28008123333333,False
805,1,1,1,1,1,1,1,1,1,1,1,1,1,1,1,1,6252,1,823,,0.0,1,1,1,1,0,1,1,1,234.62203023333333,False
806,1,1,1,1,1,1,1,1,1,1,1,1,1,1,1,1,6260,1,824,,0.0,1,1,1,1,0,1,1,1,289.23354788333336,True
807,1,1,1,1,0,1,1,1,1,1,1,1,0,1,1,1,6267,1,825,,0.0,1,1,1,0,1,0,1,1,235.91591596666666,False
808,1,1,1,1,1,1,1,1,1,1,1,1,1,1,1,1,6275,1,826,,0.0,1,1,1,1,0,1,1,1,196.53299945,False
809,1,1,1,1,0,1,1,1,1,1,1,1,0,1,1,1,6282,2,827,,0.0,1,1,1,0,1,0,1,1,226.12904923333335,False
810,1,1,1,1,0,1,1,1,1,1,1,1,0,1,1,1,6289,3,828,,0.0,1,1,1,0,1,0,1,1,246.58349235,False
811,1,1,1,1,0,1,1,1,1,1,1,1,0,1,1,1,6296,2,829,,0.0,1,1,1,0,1,0,1,1,1098.3967737666667,True
812,1,1,1,1,1,1,1,1,1,1,1,1,1,1,1,1,640,0,83,,0.0,1,1,1,1,0,1,1,1,2216.19949845,True
813,1,1,1,1,0,1,1,1,1,1,1,1,0,1,1,1,6303,1,830,,0.0,1,1,1,0,1,0,1,1,1246.1453342,True
814,1,1,1,1,1,1,1,1,1,1,1,1,1,1,1,1,6311,1,831,,0.0,1,1,1,1,0,1,1,1,282.63299265,True
815,1,1,1,1,0,1,1,1,1,1,1,1,0,1,1,1,6318,2,832,,0.0,1,1,1,0,1,0,1,1,217.50705265,False
816,1,1,1,1,1,1,1,1,1,1,1,1,1,1,1,1,6326,2,833,,0.0,1,1,1,1,0,1,1,1,1191.9054255833332,True
817,1,1,1,1,1,1,1,1,1,1,1,1,1,1,1,1,6334,2,834,,0.0,1,1,1,1,0,1,1,1,219.27801658333334,False
818,1,1,1,1,1,1,1,1,1,1,1,1,1,1,1,1,6342,2,835,,0.0,1,1,1,1,0,1,1,1,287.2210343,True
819,1,1,1,1,1,1,1,1,1,1,1,1,1,1,1,1,6350,2,836,,0.0,1,1,1,1,0,1,1,1,237.42429488333335,False
820,1,1,1,1,1,1,1,1,1,1,1,1,1,1,1,1,6358,2,837,,0.0,1,1,1,1,0,1,1,1,207.56550825,False
821,1,1,1,1,1,1,1,1,1,1,1,1,1,1,1,1,6366,2,838,,0.0,1,1,1,1,0,1,1,1,224.78580218333335,False
822,1,1,1,1,1,1,1,1,1,1,1,1,1,1,1,1,6374,2,839,,0.0,1,1,1,1,0,1,1,1,244.2214729,False
823,1,1,1,1,1,1,1,1,1,1,1,1,1,1,1,1,648,0,84,,0.0,1,1,1,1,0,1,1,1,227.84064191666667,False
824,1,1,1,1,1,1,1,1,1,1,1,1,1,1,1,1,6382,2,840,,0.0,1,1,1,1,0,1,1,1,194.48450503333333,False
825,1,1,1,1,1,1,1,1,1,1,1,1,1,1,1,1,6390,2,841,,0.0,1,1,1,1,0,1,1,1,285.15793578333336,True
826,1,1,1,1,0,1,1,1,1,1,1,1,0,1,1,1,6397,2,842,,0.0,1,1,1,0,1,0,1,1,249.07631538333334,False
827,1,1,1,1,0,1,1,1,1,1,1,1,0,1,1,1,6404,3,843,,0.0,1,1,1,0,1,0,1,1,1164.2055872666667,True
828,1,1,1,1,0,1,1,1,1,1,1,1,0,1,1,1,6411,4,844,,0.0,1,1,1,0,1,0,1,1,2392.8059933,True
829,1,1,1,1,0,1,1,1,1,1,1,1,0,1,1,1,6418,3,845,,0.0,1,1,1,0,1,0,1,1,1130.5649809833333,True
830,1,1,1,1,1,1,1,1,1,1,1,1,1,1,1,1,6426,2,846,,0.0,1,1,1,1,0,1,1,1,280.88315893333333,True
831,1,1,1,1,1,1,1,1,1,1,1,1,1,1,1,1,6434,2,847,,0.0,1,1,1,1,0,1,1,1,241.52053098333334,False
832,1,1,1,1,0,1,1,1,1,1,1,1,0,1,1,1,6441,3,848,,0.0,1,1,1,0,1,0,1,1,1251.18517685,True
833,1,1,1,1,0,1,1,1,1,1,1,1,0,1,1,1,6448,3,849,,0.0,1,1,1,0,1,0,1,1,221.6425251,False
834,1,1,1,1,1,1,1,1,1,1,1,1,1,1,1,1,656,0,85,,0.0,1,1,1,1,0,1,1,1,242.94354206666668,False
835,1,1,1,1,0,1,1,1,1,1,1,1,0,1,1,1,6455,3,850,,0.0,1,1,1,0,1,0,1,1,220.55859235,False
836,1,1,1,1,1,1,1,1,1,1,1,1,1,1,1,1,6463,3,851,,0.0,1,1,1,1,0,1,1,1,204.87861006666665,False
837,1,1,1,1,1,1,1,1,1,1,1,1,1,1,1,1,6471,3,852,,0.0,1,1,1,1,0,1,1,1,239.27187445,False
838,1,1,1,1,1,1,1,1,1,1,1,1,1,1,1,1,6479,3,853,,0.0,1,1,1,1,0,1,1,1,246.50624196666666,False
839,1,1,1,1,0,1,1,1,1,1,1,1,0,1,1,1,6486,3,854,,0.0,1,1,1,0,1,0,1,1,225.81285206666666,False
840,1,1,1,1,1,1,1,1,1,1,1,1,1,1,1,1,6494,3,855,,0.0,1,1,1,1,0,1,1,1,178.97606311666667,False
841,1,1,1,1,1,1,1,1,1,1,1,1,1,1,1,1,6502,3,856,,0.0,1,1,1,1,0,1,1,1,211.24331421666668,False
842,1,1,1,1,1,1,1,1,1,1,1,1,1,1,1,1,6510,3,857,,0.0,1,1,1,1,0,1,1,1,283.2058099,True
843,1,1,1,1,1,1,1,1,1,1,1,1,1,1,1,1,6518,3,858,,0.0,1,1,1,1,0,1,1,1,1140.9739627666668,True
844,1,1,1,1,0,1,1,1,1,1,1,1,0,1,1,1,6525,4,859,,0.0,1,1,1,0,1,0,1,1,2331.5649530666665,True
845,1,1,1,1,0,1,1,1,1,1,1,1,0,1,1,1,663,0,86,,0.0,1,1,1,0,1,0,1,1,1209.4363688333333,True
846,1,1,1,1,0,1,1,1,1,1,1,1,0,1,1,1,6532,4,860,,0.0,1,1,1,0,1,0,1,1,237.96020093333334,False
847,1,1,1,1,0,1,1,1,1,1,1,1,0,1,1,1,6539,4,861,,0.0,1,1,1,0,1,0,1,1,224.36967533333333,False
848,1,1,1,1,0,1,1,1,1,1,1,1,0,1,1,1,6546,3,862,,0.0,1,1,1,0,1,0,1,1,1103.5835643,True
849,1,1,1,1,1,1,1,1,1,1,1,1,1,1,1,1,6554,3,863,,0.0,1,1,1,1,0,1,1,1,287.92251945,True
850,1,1,1,1,0,1,1,1,1,1,1,1,0,1,1,1,6561,4,864,,0.0,1,1,1,0,1,0,1,1,304.8393296333333,True
851,1,1,1,1,1,1,1,1,1,1,1,1,1,1,1,1,6569,4,865,,0.0,1,1,1,1,0,1,1,1,221.41371355,False
852,1,1,1,1,0,1,1,1,1,1,1,1,0,1,1,1,6576,4,866,,0.0,1,1,1,0,1,0,1,1,183.11686121666668,False
853,1,1,1,1,1,1,1,1,1,1,1,1,1,1,1,1,6584,4,867,,0.0,1,1,1,1,0,1,1,1,219.04723638333334,False
854,1,1,1,1,1,1,1,1,1,1,1,1,1,1,1,1,6592,4,868,,0.0,1,1,1,1,0,1,1,1,290.95771233333335,True
855,1,1,1,1,1,1,1,1,1,1,1,1,1,1,1,1,6600,4,869,,0.0,1,1,1,1,0,1,1,1,238.59046423333334,False
856,1,1,1,1,1,1,1,1,1,1,1,1,1,1,1,1,671,0,87,,0.0,1,1,1,1,0,1,1,1,206.69926236666666,False
857,1,1,1,1,1,1,1,1,1,1,1,1,1,1,1,1,6608,4,870,,0.0,1,1,1,1,0,1,1,1,227.93512523333334,False
858,1,1,1,1,1,1,1,1,1,1,1,1,1,1,1,1,6616,4,871,,0.0,1,1,1,1,0,1,1,1,243.99821631666666,False
859,1,1,1,1,1,1,1,1,1,1,1,1,1,1,1,1,6624,4,872,,0.0,1,1,1,1,0,1,1,1,1253.44471545,True
860,1,1,1,1,1,1,1,1,1,1,1,1,1,1,1,1,6632,4,873,,0.0,1,1,1,1,0,1,1,1,1856.0928098666666,True
861,1,1,1,1,0,1,1,1,1,1,1,1,0,1,1,1,6639,4,874,,0.0,1,1,1,0,1,0,1,1,1332.4482077166667,True
862,1,1,1,1,0,1,1,1,1,1,1,1,0,1,1,1,6646,0,875,,0.0,1,1,1,0,1,0,1,1,292.44749601666666,True
863,1,1,1,1,0,1,1,1,1,1,1,1,0,1,1,1,6653,2,876,,0.0,1,1,1,0,1,0,1,1,217.65048385,False
864,1,1,1,1,0,1,1,1,1,1,1,1,0,1,1,1,6660,0,877,,0.0,1,1,1,0,1,0,1,1,1291.1878127333334,True
865,1,1,1,1,0,1,1,1,1,1,1,1,0,1,1,1,6667,4,878,,0.0,1,1,1,0,1,0,1,1,216.73328891666668,False
866,1,1,1,1,1,1,1,1,1,1,1,1,1,1,1,1,6675,4,879,,0.0,1,1,1,1,0,1,1,1,306.4676163,True
867,1,1,1,1,1,1,1,1,1,1,1,1,1,1,1,1,679,0,88,,0.0,1,1,1,1,0,1,1,1,247.0216171,False
868,1,1,1,1,0,1,1,1,1,1,1,1,0,1,1,1,6682,0,880,,0.0,1,1,1,0,1,0,1,1,202.76736035,False
869,1,1,1,1,1,1,1,1,1,1,1,1,1,1,1,1,6690,0,881,,0.0,1,1,1,1,0,1,1,1,219.72825925,False
870,1,1,1,1,1,1,1,1,1,1,1,1,1,1,1,1,6698,0,882,,0.0,1,1,1,1,0,1,1,1,226.03551231666665,False
871,1,1,1,1,1,1,1,1,1,1,1,1,1,1,1,1,6706,0,883,,0.0,1,1,1,1,0,1,1,1,219.47981148333332,False
872,1,1,1,1,1,1,1,1,1,1,1,1,1,1,1,1,6714,0,884,,0.0,1,1,1,1,0,1,1,1,199.43968206666668,False
873,1,1,1,1,1,1,1,1,1,1,1,1,1,1,1,1,6722,0,885,,0.0,1,1,1,1,0,1,1,1,240.33138725,False
874,1,1,1,1,0,1,1,1,1,1,1,1,0,1,1,1,6729,0,886,,0.0,1,1,1,0,1,0,1,1,278.64793255,True
875,1,1,1,1,1,1,1,1,1,1,1,1,1,1,1,1,6737,0,887,,0.0,1,1,1,1,0,1,1,1,4201.789852916667,True
876,1,1,1,1,1,1,1,1,1,1,1,1,1,1,1,1,6745,0,888,,0.0,1,1,1,1,0,1,1,1,7562.043974483333,True
877,1,1,1,1,1,1,1,1,1,1,1,1,1,1,1,1,6753,0,889,,0.0,1,1,1,1,0,1,1,1,3982.7703645833335,True
878,1,1,1,1,1,1,1,1,1,1,1,1,1,1,1,1,687,0,89,,0.0,1,1,1,1,0,1,1,1,291.8156274,True
879,1,1,1,1,0,1,1,1,1,1,1,1,0,1,1,1,6760,0,890,,0.0,1,1,1,0,1,0,1,1,241.56412183333333,False
880,1,1,1,1,0,1,1,1,1,1,1,1,0,1,1,1,6767,1,891,,0.0,1,1,1,0,1,0,1,1,3917.13178565,True
881,1,1,1,1,0,1,1,1,1,1,1,1,0,1,1,1,6774,2,892,,0.0,1,1,1,0,1,0,1,1,221.82724386666666,False
882,1,1,1,1,0,1,1,1,1,1,1,1,0,1,1,1,6781,1,893,,0.0,1,1,1,0,1,0,1,1,235.99917268333334,False
883,1,1,1,1,1,1,1,1,1,1,1,1,1,1,1,1,6789,0,894,,0.0,1,1,1,1,0,1,1,1,214.62960713333334,False
884,1,1,1,1,1,1,1,1,1,1,1,1,1,1,1,1,6797,0,895,,0.0,1,1,1,1,0,1,1,1,203.11972368333332,False
885,1,1,1,1,0,1,1,1,1,1,1,1,0,1,1,1,6804,1,896,,0.0,1,1,1,0,1,0,1,1,223.19768551666667,False
886,1,1,1,1,1,1,1,1,1,1,1,1,1,1,1,1,6812,1,897,,0.0,1,1,1,1,0,1,1,1,282.8889796,True
887,1,1,1,1,0,1,1,1,1,1,1,1,0,1,1,1,6819,1,898,,0.0,1,1,1,0,1,0,1,1,219.16443435,False
888,1,1,1,1,1,1,1,1,1,1,1,1,1,1,1,1,6827,1,899,,0.0,1,1,1,1,0,1,1,1,180.97601626666668,False
889,1,1,1,1,1,1,1,1,1,1,1,1,1,1,1,1,78,0,9,,0.0,1,1,1,1,0,1,1,1,225.44000766666667,False
890,1,1,1,1,0,1,1,1,1,1,1,1,0,1,1,1,694,0,90,,0.0,1,1,1,0,1,0,1,1,288.56543073333336,True
891,1,1,1,1,1,1,1,1,1,1,1,1,1,1,1,1,6835,1,900,,0.0,1,1,1,1,0,1,1,1,1205.4815238833332,True
892,1,1,1,1,1,1,1,1,1,1,1,1,1,1,1,1,6843,1,901,,0.0,1,1,1,1,0,1,1,1,2147.5406351,True
893,1,1,1,1,0,1,1,1,1,1,1,1,0,1,1,1,6850,1,902,,0.0,1,1,1,0,1,0,1,1,1212.0571429666666,True
894,1,1,1,1,1,1,1,1,1,1,1,1,1,1,1,1,6858,1,903,,0.0,1,1,1,1,0,1,1,1,248.19157051666667,False
895,1,1,1,1,1,1,1,1,1,1,1,1,1,1,1,1,6866,1,904,,0.0,1,1,1,1,0,1,1,1,227.81474373333333,False
896,1,1,1,1,1,1,1,1,1,1,1,1,1,1,1,1,6874,1,905,,0.0,1,1,1,1,0,1,1,1,1301.2147782833333,True
897,1,1,1,1,1,1,1,1,1,1,1,1,1,1,1,1,6882,1,906,,0.0,1,1,1,1,0,1,1,1,240.1403313,False
898,1,1,1,1,0,1,1,1,1,1,1,1,0,1,1,1,6889,2,907,,0.0,1,1,1,0,1,0,1,1,292.81310733333333,True
899,1,1,1,1,0,1,1,1,1,1,1,1,0,1,1,1,6896,3,908,,0.0,1,1,1,0,1,0,1,1,217.14102511666667,False
900,1,1,1,1,0,1,1,1,1,1,1,1,0,1,1,1,6903,2,909,,0.0,1,1,1,0,1,0,1,1,175.85868855,False
901,1,1,1,1,0,1,1,1,1,1,1,1,0,1,1,1,701,1,91,,0.0,1,1,1,0,1,0,1,1,228.6314968,False
902,1,1,1,1,0,1,1,1,1,1,1,1,0,1,1,1,6910,1,910,,0.0,1,1,1,0,1,0,1,1,285.65663328333335,True
903,1,1,1,1,1,1,1,1,1,1,1,1,1,1,1,1,6918,1,911,,0.0,1,1,1,1,0,1,1,1,240.31795116666666,False
904,1,1,1,1,0,1,1,1,1,1,1,1,0,1,1,1,6925,2,912,,0.0,1,1,1,0,1,0,1,1,205.62621825,False
905,1,1,1,1,1,1,1,1,1,1,1,1,1,1,1,1,6933,2,913,,0.0,1,1,1,1,0,1,1,1,224.17296353333333,False
906,1,1,1,1,0,1,1,1,1,1,1,1,0,1,1,1,6940,2,914,,0.0,1,1,1,0,1,0,1,1,241.26109705,False
907,1,1,1,1,1,1,1,1,1,1,1,1,1,1,1,1,6948,2,915,,0.0,1,1,1,1,0,1,1,1,1197.5613056333334,True
908,1,1,1,1,1,1,1,1,1,1,1,1,1,1,1,1,6956,2,916,,0.0,1,1,1,1,0,1,1,1,2350.5921239,True
909,1,1,1,1,1,1,1,1,1,1,1,1,1,1,1,1,6964,2,917,,0.0,1,1,1,1,0,1,1,1,1243.7860774166666,True
910,1,1,1,1,1,1,1,1,1,1,1,1,1,1,1,1,6972,2,918,,0.0,1,1,1,1,0,1,1,1,285.81391485,True
911,1,1,1,1,1,1,1,1,1,1,1,1,1,1,1,1,6980,2,919,,0.0,1,1,1,1,0,1,1,1,221.11867128333333,False
912,1,1,1,1,0,1,1,1,1,1,1,1,0,1,1,1,708,2,92,,0.0,1,1,1,0,1,0,1,1,1107.5442757333333,True
913,1,1,1,1,1,1,1,1,1,1,1,1,1,1,1,1,6988,2,920,,0.0,1,1,1,1,0,1,1,1,216.80282171666667,False
914,1,1,1,1,1,1,1,1,1,1,1,1,1,1,1,1,6996,2,921,,0.0,1,1,1,1,0,1,1,1,282.47605011666667,True
915,1,1,1,1,0,1,1,1,1,1,1,1,0,1,1,1,7003,2,922,,0.0,1,1,1,0,1,0,1,1,239.20485211666667,False
916,1,1,1,1,0,1,1,1,1,1,1,1,0,1,1,1,7010,3,923,,0.0,1,1,1,0,1,0,1,1,195.59766466666667,False
917,1,1,1,1,0,1,1,1,1,1,1,1,0,1,1,1,7017,4,924,,0.0,1,1,1,0,1,0,1,1,218.14300613333333,False
918,1,1,1,1,0,1,1,1,1,1,1,1,0,1,1,1,7024,3,925,,0.0,1,1,1,0,1,0,1,1,222.62325765,False
919,1,1,1,1,0,1,1,1,1,1,1,1,0,1,1,1,7031,2,926,,0.0,1,1,1,0,1,0,1,1,221.36988991666666,False
920,1,1,1,1,1,1,1,1,1,1,1,1,1,1,1,1,7039,2,927,,0.0,1,1,1,1,0,1,1,1,194.69220628333332,False
921,1,1,1,1,0,1,1,1,1,1,1,1,0,1,1,1,7046,3,928,,0.0,1,1,1,0,1,0,1,1,238.17571675,False
922,1,1,1,1,1,1,1,1,1,1,1,1,1,1,1,1,7054,3,929,,0.0,1,1,1,1,0,1,1,1,293.6805509166667,True
923,1,1,1,1,0,1,1,1,1,1,1,1,0,1,1,1,715,1,93,,0.0,1,1,1,0,1,0,1,1,1214.8783110833333,True
924,1,1,1,1,1,1,1,1,1,1,1,1,1,1,1,1,7062,3,930,,0.0,1,1,1,1,0,1,1,1,2075.8314673,True
925,1,1,1,1,1,1,1,1,1,1,1,1,1,1,1,1,7070,3,931,,0.0,1,1,1,1,0,1,1,1,1105.8021293666666,True
926,1,1,1,1,1,1,1,1,1,1,1,1,1,1,1,1,7078,3,932,,0.0,1,1,1,1,0,1,1,1,301.7674742,True
927,1,1,1,1,1,1,1,1,1,1,1,1,1,1,1,1,7086,3,933,,0.0,1,1,1,1,0,1,1,1,233.33392851666667,False
928,1,1,1,1,0,1,1,1,1,1,1,1,0,1,1,1,7093,3,934,,0.0,1,1,1,0,1,0,1,1,1218.5232056833333,True
929,1,1,1,1,1,1,1,1,1,1,1,1,1,1,1,1,7101,3,935,,0.0,1,1,1,1,0,1,1,1,217.98529371666666,False
930,1,1,1,1,1,1,1,1,1,1,1,1,1,1,1,1,7109,3,936,,0.0,1,1,1,1,0,1,1,1,244.90370198333332,False
931,1,1,1,1,1,1,1,1,1,1,1,1,1,1,1,1,7117,3,937,,0.0,1,1,1,1,0,1,1,1,212.7207342,False
932,1,1,1,1,0,1,1,1,1,1,1,1,0,1,1,1,7124,3,938,,0.0,1,1,1,0,1,0,1,1,201.90729091666665,False
933,1,1,1,1,0,1,1,1,1,1,1,1,0,1,1,1,7131,4,939,,0.0,1,1,1,0,1,0,1,1,243.18030063333333,False
934,1,1,1,1,0,1,1,1,1,1,1,1,0,1,1,1,722,0,94,,0.0,1,1,1,0,1,0,1,1,297.4648082333333,True
935,1,1,1,1,0,1,1,1,1,1,1,1,0,1,1,1,7138,5,940,,0.0,1,1,1,0,1,0,1,1,222.91647075,False
936,1,1,1,1,0,1,1,1,1,1,1,1,0,1,1,1,7145,4,941,,0.0,1,1,1,0,1,0,1,1,172.47642946666667,False
937,1,1,1,1,1,1,1,1,1,1,1,1,1,1,1,1,7153,3,942,,0.0,1,1,1,1,0,1,1,1,215.88607423333335,False
938,1,1,1,1,1,1,1,1,1,1,1,1,1,1,1,1,7161,3,943,,0.0,1,1,1,1,0,1,1,1,293.85576783333335,True
939,1,1,1,1,0,1,1,1,1,1,1,1,0,1,1,1,7168,4,944,,0.0,1,1,1,0,1,0,1,1,1245.6426189,True
940,1,1,1,1,1,1,1,1,1,1,1,1,1,1,1,1,7176,4,945,,0.0,1,1,1,1,0,1,1,1,2127.573392033333,True
941,1,1,1,1,0,1,1,1,1,1,1,1,0,1,1,1,7183,4,946,,0.0,1,1,1,0,1,0,1,1,1243.2632605666668,True
942,1,1,1,1,1,1,1,1,1,1,1,1,1,1,1,1,7191,4,947,,0.0,1,1,1,1,0,1,1,1,240.6096944,False
943,1,1,1,1,1,1,1,1,1,1,1,1,1,1,1,1,7199,4,948,,0.0,1,1,1,1,0,1,1,1,225.38954291666667,False
944,1,1,1,1,1,1,1,1,1,1,1,1,1,1,1,1,7207,4,949,,0.0,1,1,1,1,0,1,1,1,1135.2412453833333,True
945,1,1,1,1,1,1,1,1,1,1,1,1,1,1,1,1,730,0,95,,0.0,1,1,1,1,0,1,1,1,237.88401513333332,False
946,1,1,1,1,0,1,1,1,1,1,1,1,0,1,1,1,7214,4,950,,0.0,1,1,1,0,1,0,1,1,287.65474068333333,True
947,1,1,1,1,1,1,1,1,1,1,1,1,1,1,1,1,7222,4,951,,0.0,1,1,1,1,0,1,1,1,220.23271833333334,False
948,1,1,1,1,1,1,1,1,1,1,1,1,1,1,1,1,7230,4,952,,0.0,1,1,1,1,0,1,1,1,185.05656145,False
949,1,1,1,1,1,1,1,1,1,1,1,1,1,1,1,1,7238,4,953,,0.0,1,1,1,1,0,1,1,1,207.78393938333335,False
950,1,1,1,1,1,1,1,1,1,1,1,1,1,1,1,1,7246,4,954,,0.0,1,1,1,1,0,1,1,1,292.55356175,True
951,1,1,1,1,0,1,1,1,1,1,1,1,0,1,1,1,7253,0,955,,0.0,1,1,1,0,1,0,1,1,246.58642173333334,False
952,1,1,1,1,0,1,1,1,1,1,1,1,0,1,1,1,7260,3,956,,0.0,1,1,1,0,1,0,1,1,195.99208138333333,False
953,1,1,1,1,0,1,1,1,1,1,1,1,0,1,1,1,7267,0,957,,0.0,1,1,1,0,1,0,1,1,214.60604575,False
954,1,1,1,1,0,1,1,1,1,1,1,1,0,1,1,1,7274,4,958,,0.0,1,1,1,0,1,0,1,1,240.43633253333334,False
955,1,1,1,1,1,1,1,1,1,1,1,1,1,1,1,1,7282,4,959,,0.0,1,1,1,1,0,1,1,1,3993.093564866667,True
956,1,1,1,1,0,1,1,1,1,1,1,1,0,1,1,1,737,1,96,,0.0,1,1,1,0,1,0,1,1,8416.557121183334,True
957,1,1,1,1,0,1,1,1,1,1,1,1,0,1,1,1,7289,0,960,,0.0,1,1,1,0,1,0,1,1,4645.460229416667,True
958,1,1,1,1,1,1,1,1,1,1,1,1,1,1,1,1,7297,0,961,,0.0,1,1,1,1,0,1,1,1,289.0550478166667,True
959,1,1,1,1,1,1,1,1,1,1,1,1,1,1,1,1,7305,0,962,,0.0,1,1,1,1,0,1,1,1,212.39348826666668,False
960,1,1,1,1,1,1,1,1,1,1,1,1,1,1,1,1,7313,0,963,,0.0,1,1,1,1,0,1,1,1,4598.76411485,True
961,1,1,1,1,1,1,1,1,1,1,1,1,1,1,1,1,7321,0,964,,0.0,1,1,1,1,0,1,1,1,228.08732406666667,False
962,1,1,1,1,1,1,1,1,1,1,1,1,1,1,1,1,7329,0,965,,0.0,1,1,1,1,0,1,1,1,245.33617645,False
963,1,1,1,1,1,1,1,1,1,1,1,1,1,1,1,1,7337,0,966,,0.0,1,1,1,1,0,1,1,1,235.93413961666667,False
964,1,1,1,1,1,1,1,1,1,1,1,1,1,1,1,1,7345,0,967,,0.0,1,1,1,1,0,1,1,1,196.71657206666666,False
965,1,1,1,1,1,1,1,1,1,1,1,1,1,1,1,1,7353,0,968,,0.0,1,1,1,1,0,1,1,1,214.98653756666667,False
966,1,1,1,1,1,1,1,1,1,1,1,1,1,1,1,1,7361,0,969,,0.0,1,1,1,1,0,1,1,1,245.91259083333333,False
967,1,1,1,1,1,1,1,1,1,1,1,1,1,1,1,1,745,1,97,,0.0,1,1,1,1,0,1,1,1,218.89420096666666,False
968,1,1,1,1,0,1,1,1,1,1,1,1,0,1,1,1,7368,0,970,,0.0,1,1,1,0,1,0,1,1,206.30507945,False
969,1,1,1,1,0,1,1,1,1,1,1,1,0,1,1,1,7375,1,971,,0.0,1,1,1,0,1,0,1,1,234.52667256666666,False
970,1,1,1,1,0,1,1,1,1,1,1,1,0,1,1,1,7382,2,972,,0.0,1,1,1,0,1,0,1,1,295.1921461833333,True
971,1,1,1,1,0,1,1,1,1,1,1,1,0,1,1,1,7389,1,973,,0.0,1,1,1,0,1,0,1,1,1201.3347208333332,True
972,1,1,1,1,0,1,1,1,1,1,1,1,0,1,1,1,7396,0,974,,0.0,1,1,1,0,1,0,1,1,2143.061165583333,True
973,1,1,1,1,1,1,1,1,1,1,1,1,1,1,1,1,7404,0,975,,0.0,1,1,1,1,0,1,1,1,1108.7248396333334,True
974,1,1,1,1,0,1,1,1,1,1,1,1,0,1,1,1,7411,1,976,,0.0,1,1,1,0,1,0,1,1,286.1536859,True
975,1,1,1,1,1,1,1,1,1,1,1,1,1,1,1,1,7419,1,977,,0.0,1,1,1,1,0,1,1,1,236.97340981666667,False
976,1,1,1,1,1,1,1,1,1,1,1,1,1,1,1,1,7427,1,978,,0.0,1,1,1,1,0,1,1,1,1170.5359615166667,True
977,1,1,1,1,1,1,1,1,1,1,1,1,1,1,1,1,7435,1,979,,0.0,1,1,1,1,0,1,1,1,224.71540715,False
978,1,1,1,1,0,1,1,1,1,1,1,1,0,1,1,1,752,1,98,,0.0,1,1,1,0,1,0,1,1,233.61813038333332,False
979,1,1,1,1,1,1,1,1,1,1,1,1,1,1,1,1,7443,1,980,,0.0,1,1,1,1,0,1,1,1,216.78678535,False
980,1,1,1,1,1,1,1,1,1,1,1,1,1,1,1,1,7451,1,981,,0.0,1,1,1,1,0,1,1,1,199.78240985,False
981,1,1,1,1,0,1,1,1,1,1,1,1,0,1,1,1,7458,1,982,,0.0,1,1,1,0,1,0,1,1,234.06880478333332,False
982,1,1,1,1,1,1,1,1,1,1,1,1,1,1,1,1,7466,1,983,,0.0,1,1,1,1,0,1,1,1,292.11867086666666,True
983,1,1,1,1,1,1,1,1,1,1,1,1,1,1,1,1,7474,1,984,,0.0,1,1,1,1,0,1,1,1,216.82695306666668,False
984,1,1,1,1,1,1,1,1,1,1,1,1,1,1,1,1,7482,1,985,,0.0,1,1,1,1,0,1,1,1,181.43874286666667,False
985,1,1,1,1,0,1,1,1,1,1,1,1,0,1,1,1,7489,1,986,,0.0,1,1,1,0,1,0,1,1,216.50244476666666,False
986,1,1,1,1,0,1,1,1,1,1,1,1,0,1,1,1,7496,2,987,,0.0,1,1,1,0,1,0,1,1,293.5408075666667,True
987,1,1,1,1,0,1,1,1,1,1,1,1,0,1,1,1,7503,3,988,,0.0,1,1,1,0,1,0,1,1,1159.2879839,True
988,1,1,1,1,0,1,1,1,1,1,1,1,0,1,1,1,7510,2,989,,0.0,1,1,1,0,1,0,1,1,2173.8174252666668,True
989,1,1,1,1,1,1,1,1,1,1,1,1,1,1,1,1,760,1,99,,0.0,1,1,1,1,0,1,1,1,1253.4587952166667,True
990,1,1,1,1,0,1,1,1,1,1,1,1,0,1,1,1,7517,1,990,,0.0,1,1,1,0,1,0,1,1,280.5306647333333,True
991,1,1,1,1,1,1,1,1,1,1,1,1,1,1,1,1,7525,1,991,,0.0,1,1,1,1,0,1,1,1,211.71923625,False
992,1,1,1,1,0,1,1,1,1,1,1,1,0,1,1,1,7532,2,992,,0.0,1,1,1,0,1,0,1,1,1091.1200556833332,True
993,1,1,1,1,0,1,1,1,1,1,1,1,0,1,1,1,7539,2,993,,0.0,1,1,1,0,1,0,1,1,287.7460417666667,True
994,1,1,1,1,0,1,1,1,1,1,1,1,0,1,1,1,7546,2,994,,0.0,1,1,1,0,1,0,1,1,282.21267481666666,True
995,1,1,1,1,1,1,1,1,1,1,1,1,1,1,1,1,7554,2,995,,0.0,1,1,1,1,0,1,1,1,217.43830775,False
996,1,1,1,1,1,1,1,1,1,1,1,1,1,1,1,1,7562,2,996,,0.0,1,1,1,1,0,1,1,1,180.80284246666668,False
997,1,1,1,1,1,1,1,1,1,1,1,1,1,1,1,1,7570,2,997,,0.0,1,1,1,1,0,1,1,1,220.56984595,False
998,1,1,1,1,1,1,1,1,1,1,1,1,1,1,1,1,7578,2,998,,0.0,1,1,1,1,0,1,1,1,241.79925358333332,False
999,1,1,1,1,1,1,1,1,1,1,1,1,1,1,1,1,7586,2,999,,0.0,1,1,1,1,0,1,1,1,239.27833198333335,False
